[debug] [2026-09-03T18:44:13.716Z] ----------------------------------------------------------------------
[debug] [2026-09-03T18:44:13.719Z] Command:       C:\Program Files\nodejs\node.exe C:\Users\User\AppData\Roaming\npm\node_modules\firebase-tools\lib\bin\firebase.js functions:list --project batchfee-477b8 --debug
[debug] [2026-09-03T18:44:13.719Z] CLI Version:   15.25.1
[debug] [2026-09-03T18:44:13.719Z] Platform:      win32
[debug] [2026-09-03T18:44:13.719Z] Node Version:  v22.14.0
[debug] [2026-09-03T18:44:13.720Z] Detected Agent: unknown
[debug] [2026-09-03T18:44:13.720Z] Time:          Fri Sep 04 2026 00:44:13 GMT+0600 (Bangladesh Standard Time)
[debug] [2026-09-03T18:44:13.720Z] ----------------------------------------------------------------------
[debug] 
[debug] [2026-09-03T18:44:13.941Z] > command requires scopes: ["email","openid","https://www.googleapis.com/auth/cloudplatformprojects.readonly","https://www.googleapis.com/auth/firebase","https://www.googleapis.com/auth/cloud-platform"]
[debug] [2026-09-03T18:44:13.941Z] > authorizing via signed-in user (sarkerramjan2015@gmail.com)
[debug] [2026-09-03T18:44:13.941Z] [iam] checking project batchfee-477b8 for permissions ["cloudfunctions.functions.list","firebase.projects.get","run.services.list"]
[debug] [2026-09-03T18:44:13.952Z] Checked if tokens are valid: true, expires at: 1788464052979
[debug] [2026-09-03T18:44:13.952Z] Checked if tokens are valid: true, expires at: 1788464052979
[debug] [2026-09-03T18:44:13.954Z] >>> [apiv2][query] POST https://cloudresourcemanager.googleapis.com/v1/projects/batchfee-477b8:testIamPermissions [none]
[debug] [2026-09-03T18:44:13.954Z] >>> [apiv2][(partial)header] POST https://cloudresourcemanager.googleapis.com/v1/projects/batchfee-477b8:testIamPermissions  x-goog-user-project=batchfee-477b8
[debug] [2026-09-03T18:44:13.954Z] >>> [apiv2][body] POST https://cloudresourcemanager.googleapis.com/v1/projects/batchfee-477b8:testIamPermissions {"permissions":["cloudfunctions.functions.list","firebase.projects.get","run.services.list"]}
[debug] [2026-09-03T18:44:15.395Z] <<< [apiv2][status] POST https://cloudresourcemanager.googleapis.com/v1/projects/batchfee-477b8:testIamPermissions 403
[debug] [2026-09-03T18:44:15.395Z] <<< [apiv2][body] POST https://cloudresourcemanager.googleapis.com/v1/projects/batchfee-477b8:testIamPermissions {"error":{"code":403,"message":"Caller does not have required permission to use project batchfee-477b8. Grant the caller the roles/serviceusage.serviceUsageConsumer role, or a custom role with the serviceusage.services.use permission, by visiting https://console.developers.google.com/iam-admin/iam?project=batchfee-477b8 and then retry. Propagation of the new permission may take a few minutes.","status":"PERMISSION_DENIED","details":[{"@type":"type.googleapis.com/google.rpc.ErrorInfo","reason":"USER_PROJECT_DENIED","domain":"googleapis.com","metadata":{"consumer":"projects/batchfee-477b8","service":"cloudresourcemanager.googleapis.com","consoleUrl":"https://console.developers.google.com/iam-admin/iam?project=batchfee-477b8","containerInfo":"batchfee-477b8"}},{"@type":"type.googleapis.com/google.rpc.LocalizedMessage","locale":"en-US","message":"Caller does not have required permission to use project batchfee-477b8. Grant the caller the roles/serviceusage.serviceUsageConsumer role, or a custom role with the serviceusage.services.use permission, by visiting https://console.developers.google.com/iam-admin/iam?project=batchfee-477b8 and then retry. Propagation of the new permission may take a few minutes."},{"@type":"type.googleapis.com/google.rpc.Help","links":[{"description":"Google developer console IAM admin","url":"https://console.developers.google.com/iam-admin/iam?project=batchfee-477b8"}]}]}}
[debug] [2026-09-03T18:44:15.396Z] [iam] error while checking permissions, command may fail: Request to https://cloudresourcemanager.googleapis.com/v1/projects/batchfee-477b8:testIamPermissions had HTTP Error: 403, Caller does not have required permission to use project batchfee-477b8. Grant the caller the roles/serviceusage.serviceUsageConsumer role, or a custom role with the serviceusage.services.use permission, by visiting https://console.developers.google.com/iam-admin/iam?project=batchfee-477b8 and then retry. Propagation of the new permission may take a few minutes.
[debug] [2026-09-03T18:44:15.397Z] Checked if tokens are valid: true, expires at: 1788464052979
[debug] [2026-09-03T18:44:15.397Z] Checked if tokens are valid: true, expires at: 1788464052979
[debug] [2026-09-03T18:44:15.397Z] >>> [apiv2][query] GET https://cloudfunctions.googleapis.com/v1/projects/batchfee-477b8/locations/-/functions [none]
[debug] [2026-09-03T18:44:15.982Z] <<< [apiv2][status] GET https://cloudfunctions.googleapis.com/v1/projects/batchfee-477b8/locations/-/functions 403
[debug] [2026-09-03T18:44:15.982Z] <<< [apiv2][body] GET https://cloudfunctions.googleapis.com/v1/projects/batchfee-477b8/locations/-/functions {"error":{"code":403,"message":"Permission 'cloudfunctions.functions.list' denied on resource 'projects/batchfee-477b8/locations/-' (or resource may not exist).","status":"PERMISSION_DENIED"}}
[debug] [2026-09-03T18:44:15.982Z] [functions] failed to list functions for batchfee-477b8
[debug] [2026-09-03T18:44:15.983Z] [functions] Request to https://cloudfunctions.googleapis.com/v1/projects/batchfee-477b8/locations/-/functions had HTTP Error: 403, Permission 'cloudfunctions.functions.list' denied on resource 'projects/batchfee-477b8/locations/-' (or resource may not exist).
[debug] [2026-09-03T18:44:16.144Z] FirebaseError: Request to https://cloudfunctions.googleapis.com/v1/projects/batchfee-477b8/locations/-/functions had HTTP Error: 403, Permission 'cloudfunctions.functions.list' denied on resource 'projects/batchfee-477b8/locations/-' (or resource may not exist).
    at responseToError (C:\Users\User\AppData\Roaming\npm\node_modules\firebase-tools\lib\responseToError.js:53:12)
    at RetryOperation._fn (C:\Users\User\AppData\Roaming\npm\node_modules\firebase-tools\lib\apiv2.js:415:77)
    at process.processTicksAndRejections (node:internal/process/task_queues:105:5)
[error] 
[error] Error: Failed to list functions for batchfee-477b8
[debug] [2026-09-04T15:37:06.390Z] ----------------------------------------------------------------------
[debug] [2026-09-04T15:37:06.394Z] Command:       C:\Program Files\nodejs\node.exe d:\batchfee\node_modules\firebase-tools\lib\bin\firebase.js login:list
[debug] [2026-09-04T15:37:06.394Z] CLI Version:   15.26.0
[debug] [2026-09-04T15:37:06.394Z] Platform:      win32
[debug] [2026-09-04T15:37:06.395Z] Node Version:  v22.14.0
[debug] [2026-09-04T15:37:06.395Z] Detected Agent: unknown
[debug] [2026-09-04T15:37:06.395Z] Time:          Fri Sep 04 2026 21:37:06 GMT+0600 (Bangladesh Standard Time)
[debug] [2026-09-04T15:37:06.395Z] ----------------------------------------------------------------------
[debug] 
[info] Logged in as sarkerramjan2015@gmail.com
[debug] [2026-09-04T15:38:57.439Z] ----------------------------------------------------------------------
[debug] [2026-09-04T15:38:57.442Z] Command:       C:\Program Files\nodejs\node.exe d:\batchfee\node_modules\firebase-tools\lib\bin\firebase.js functions:list --project batchfee-477b8
[debug] [2026-09-04T15:38:57.442Z] CLI Version:   15.26.0
[debug] [2026-09-04T15:38:57.442Z] Platform:      win32
[debug] [2026-09-04T15:38:57.442Z] Node Version:  v22.14.0
[debug] [2026-09-04T15:38:57.443Z] Detected Agent: unknown
[debug] [2026-09-04T15:38:57.443Z] Time:          Fri Sep 04 2026 21:38:57 GMT+0600 (Bangladesh Standard Time)
[debug] [2026-09-04T15:38:57.443Z] ----------------------------------------------------------------------
[debug] 
[debug] [2026-09-04T15:38:58.143Z] > command requires scopes: ["email","openid","https://www.googleapis.com/auth/cloudplatformprojects.readonly","https://www.googleapis.com/auth/firebase","https://www.googleapis.com/auth/cloud-platform"]
[debug] [2026-09-04T15:38:58.143Z] > authorizing via signed-in user (sarkerramjan2015@gmail.com)
[debug] [2026-09-04T15:38:58.143Z] [iam] checking project batchfee-477b8 for permissions ["cloudfunctions.functions.list","firebase.projects.get","run.services.list"]
[debug] [2026-09-04T15:38:58.155Z] Checked if tokens are valid: false, expires at: 1788464052979
[debug] [2026-09-04T15:38:58.155Z] Checked if tokens are valid: false, expires at: 1788464052979
[debug] [2026-09-04T15:38:58.155Z] > refreshing access token with scopes: []
[debug] [2026-09-04T15:38:58.157Z] >>> [apiv2][query] POST https://www.googleapis.com/oauth2/v3/token [none]
[debug] [2026-09-04T15:38:58.158Z] >>> [apiv2][body] POST https://www.googleapis.com/oauth2/v3/token [omitted]
[debug] [2026-09-04T15:38:58.422Z] <<< [apiv2][status] POST https://www.googleapis.com/oauth2/v3/token 200
[debug] [2026-09-04T15:38:58.422Z] <<< [apiv2][body] POST https://www.googleapis.com/oauth2/v3/token [omitted]
[debug] [2026-09-04T15:38:58.431Z] >>> [apiv2][query] POST https://cloudresourcemanager.googleapis.com/v1/projects/batchfee-477b8:testIamPermissions [none]
[debug] [2026-09-04T15:38:58.431Z] >>> [apiv2][(partial)header] POST https://cloudresourcemanager.googleapis.com/v1/projects/batchfee-477b8:testIamPermissions  x-goog-user-project=batchfee-477b8
[debug] [2026-09-04T15:38:58.432Z] >>> [apiv2][body] POST https://cloudresourcemanager.googleapis.com/v1/projects/batchfee-477b8:testIamPermissions {"permissions":["cloudfunctions.functions.list","firebase.projects.get","run.services.list"]}
[debug] [2026-09-04T15:38:59.910Z] <<< [apiv2][status] POST https://cloudresourcemanager.googleapis.com/v1/projects/batchfee-477b8:testIamPermissions 403
[debug] [2026-09-04T15:38:59.910Z] <<< [apiv2][body] POST https://cloudresourcemanager.googleapis.com/v1/projects/batchfee-477b8:testIamPermissions {"error":{"code":403,"message":"Caller does not have required permission to use project batchfee-477b8. Grant the caller the roles/serviceusage.serviceUsageConsumer role, or a custom role with the serviceusage.services.use permission, by visiting https://console.developers.google.com/iam-admin/iam?project=batchfee-477b8 and then retry. Propagation of the new permission may take a few minutes.","status":"PERMISSION_DENIED","details":[{"@type":"type.googleapis.com/google.rpc.ErrorInfo","reason":"USER_PROJECT_DENIED","domain":"googleapis.com","metadata":{"consoleUrl":"https://console.developers.google.com/iam-admin/iam?project=batchfee-477b8","containerInfo":"batchfee-477b8","service":"cloudresourcemanager.googleapis.com","consumer":"projects/batchfee-477b8"}},{"@type":"type.googleapis.com/google.rpc.LocalizedMessage","locale":"en-US","message":"Caller does not have required permission to use project batchfee-477b8. Grant the caller the roles/serviceusage.serviceUsageConsumer role, or a custom role with the serviceusage.services.use permission, by visiting https://console.developers.google.com/iam-admin/iam?project=batchfee-477b8 and then retry. Propagation of the new permission may take a few minutes."},{"@type":"type.googleapis.com/google.rpc.Help","links":[{"description":"Google developer console IAM admin","url":"https://console.developers.google.com/iam-admin/iam?project=batchfee-477b8"}]}]}}
[debug] [2026-09-04T15:38:59.911Z] [iam] error while checking permissions, command may fail: Request to https://cloudresourcemanager.googleapis.com/v1/projects/batchfee-477b8:testIamPermissions had HTTP Error: 403, Caller does not have required permission to use project batchfee-477b8. Grant the caller the roles/serviceusage.serviceUsageConsumer role, or a custom role with the serviceusage.services.use permission, by visiting https://console.developers.google.com/iam-admin/iam?project=batchfee-477b8 and then retry. Propagation of the new permission may take a few minutes.
[debug] [2026-09-04T15:38:59.911Z] Checked if tokens are valid: true, expires at: 1788539937422
[debug] [2026-09-04T15:38:59.911Z] Checked if tokens are valid: true, expires at: 1788539937422
[debug] [2026-09-04T15:38:59.911Z] >>> [apiv2][query] GET https://cloudfunctions.googleapis.com/v1/projects/batchfee-477b8/locations/-/functions [none]
[debug] [2026-09-04T15:39:00.530Z] <<< [apiv2][status] GET https://cloudfunctions.googleapis.com/v1/projects/batchfee-477b8/locations/-/functions 403
[debug] [2026-09-04T15:39:00.530Z] <<< [apiv2][body] GET https://cloudfunctions.googleapis.com/v1/projects/batchfee-477b8/locations/-/functions {"error":{"code":403,"message":"Permission 'cloudfunctions.functions.list' denied on resource 'projects/batchfee-477b8/locations/-' (or resource may not exist).","status":"PERMISSION_DENIED"}}
[debug] [2026-09-04T15:39:00.531Z] [functions] failed to list functions for batchfee-477b8
[debug] [2026-09-04T15:39:00.531Z] [functions] Request to https://cloudfunctions.googleapis.com/v1/projects/batchfee-477b8/locations/-/functions had HTTP Error: 403, Permission 'cloudfunctions.functions.list' denied on resource 'projects/batchfee-477b8/locations/-' (or resource may not exist).
[debug] [2026-09-04T15:39:00.764Z] FirebaseError: Request to https://cloudfunctions.googleapis.com/v1/projects/batchfee-477b8/locations/-/functions had HTTP Error: 403, Permission 'cloudfunctions.functions.list' denied on resource 'projects/batchfee-477b8/locations/-' (or resource may not exist).
    at responseToError (d:\batchfee\node_modules\firebase-tools\lib\responseToError.js:53:12)
    at RetryOperation._fn (d:\batchfee\node_modules\firebase-tools\lib\apiv2.js:415:77)
    at process.processTicksAndRejections (node:internal/process/task_queues:105:5)
[error] 
[error] Error: Failed to list functions for batchfee-477b8
[debug] [2026-09-04T15:46:20.906Z] ----------------------------------------------------------------------
[debug] [2026-09-04T15:46:20.909Z] Command:       C:\Program Files\nodejs\node.exe d:\batchfee\node_modules\firebase-tools\lib\bin\firebase.js login:list
[debug] [2026-09-04T15:46:20.910Z] CLI Version:   15.26.0
[debug] [2026-09-04T15:46:20.910Z] Platform:      win32
[debug] [2026-09-04T15:46:20.910Z] Node Version:  v22.14.0
[debug] [2026-09-04T15:46:20.911Z] Detected Agent: unknown
[debug] [2026-09-04T15:46:20.911Z] Time:          Fri Sep 04 2026 21:46:20 GMT+0600 (Bangladesh Standard Time)
[debug] [2026-09-04T15:46:20.911Z] ----------------------------------------------------------------------
[debug] 
[info] Logged in as sarkerramjan2015@gmail.com
[debug] [2026-09-04T15:47:29.509Z] ----------------------------------------------------------------------
[debug] [2026-09-04T15:47:29.512Z] Command:       C:\Program Files\nodejs\node.exe d:\batchfee\node_modules\firebase-tools\lib\bin\firebase.js login:list
[debug] [2026-09-04T15:47:29.512Z] CLI Version:   15.26.0
[debug] [2026-09-04T15:47:29.513Z] Platform:      win32
[debug] [2026-09-04T15:47:29.513Z] Node Version:  v22.14.0
[debug] [2026-09-04T15:47:29.513Z] Detected Agent: unknown
[debug] [2026-09-04T15:47:29.513Z] Time:          Fri Sep 04 2026 21:47:29 GMT+0600 (Bangladesh Standard Time)
[debug] [2026-09-04T15:47:29.514Z] ----------------------------------------------------------------------
[debug] 
[info] Logged in as sarkerramjan2015@gmail.com
[debug] [2026-09-04T15:48:07.929Z] ----------------------------------------------------------------------
[debug] [2026-09-04T15:48:07.933Z] Command:       C:\Program Files\nodejs\node.exe d:\batchfee\node_modules\firebase-tools\lib\bin\firebase.js login:list
[debug] [2026-09-04T15:48:07.933Z] CLI Version:   15.26.0
[debug] [2026-09-04T15:48:07.933Z] Platform:      win32
[debug] [2026-09-04T15:48:07.933Z] Node Version:  v22.14.0
[debug] [2026-09-04T15:48:07.934Z] Detected Agent: unknown
[debug] [2026-09-04T15:48:07.934Z] Time:          Fri Sep 04 2026 21:48:07 GMT+0600 (Bangladesh Standard Time)
[debug] [2026-09-04T15:48:07.934Z] ----------------------------------------------------------------------
[debug] 
[info] Logged in as sarkerramjan2015@gmail.com
[debug] [2026-09-04T15:50:22.629Z] ----------------------------------------------------------------------
[debug] [2026-09-04T15:50:22.632Z] Command:       C:\Program Files\nodejs\node.exe d:\batchfee\node_modules\firebase-tools\lib\bin\firebase.js logout
[debug] [2026-09-04T15:50:22.632Z] CLI Version:   15.26.0
[debug] [2026-09-04T15:50:22.633Z] Platform:      win32
[debug] [2026-09-04T15:50:22.633Z] Node Version:  v22.14.0
[debug] [2026-09-04T15:50:22.633Z] Detected Agent: unknown
[debug] [2026-09-04T15:50:22.633Z] Time:          Fri Sep 04 2026 21:50:22 GMT+0600 (Bangladesh Standard Time)
[debug] [2026-09-04T15:50:22.633Z] ----------------------------------------------------------------------
[debug] 
[debug] [2026-09-04T15:50:22.937Z] >>> [apiv2][query] GET https://accounts.google.com/o/oauth2/revoke token=1%2F%2F0gzftQl24KopsCgYIARAAGBASNwF-L9IraL24QRoEKQ8-95bU6JuZmSyeYGSzJuMrjRmzpGjHAbaJ4DH747pYsYycIkg2gIMfAOc
[debug] [2026-09-04T15:50:23.234Z] <<< [apiv2][status] GET https://accounts.google.com/o/oauth2/revoke 200
[debug] [2026-09-04T15:50:28.414Z] ----------------------------------------------------------------------
[debug] [2026-09-04T15:50:28.417Z] Command:       C:\Program Files\nodejs\node.exe d:\batchfee\node_modules\firebase-tools\lib\bin\firebase.js login
[debug] [2026-09-04T15:50:28.418Z] CLI Version:   15.26.0
[debug] [2026-09-04T15:50:28.418Z] Platform:      win32
[debug] [2026-09-04T15:50:28.418Z] Node Version:  v22.14.0
[debug] [2026-09-04T15:50:28.418Z] Detected Agent: unknown
[debug] [2026-09-04T15:50:28.419Z] Time:          Fri Sep 04 2026 21:50:28 GMT+0600 (Bangladesh Standard Time)
[debug] [2026-09-04T15:50:28.419Z] ----------------------------------------------------------------------
[debug] 
[debug] [2026-09-04T15:50:28.667Z] >>> [apiv2][query] POST https://auth.firebase.tools/attest [none]
[debug] [2026-09-04T15:50:28.667Z] >>> [apiv2][body] POST https://auth.firebase.tools/attest {"session_id":"f0358533-1400-49ed-baf0-0f8d78ed6545"}
[debug] [2026-09-04T15:50:29.243Z] <<< [apiv2][status] POST https://auth.firebase.tools/attest 200
[debug] [2026-09-04T15:52:22.397Z] ----------------------------------------------------------------------
[debug] [2026-09-04T15:52:22.400Z] Command:       C:\Program Files\nodejs\node.exe d:\batchfee\node_modules\firebase-tools\lib\bin\firebase.js login
[debug] [2026-09-04T15:52:22.400Z] CLI Version:   15.26.0
[debug] [2026-09-04T15:52:22.401Z] Platform:      win32
[debug] [2026-09-04T15:52:22.401Z] Node Version:  v22.14.0
[debug] [2026-09-04T15:52:22.401Z] Detected Agent: unknown
[debug] [2026-09-04T15:52:22.401Z] Time:          Fri Sep 04 2026 21:52:22 GMT+0600 (Bangladesh Standard Time)
[debug] [2026-09-04T15:52:22.401Z] ----------------------------------------------------------------------
[debug] 
[debug] [2026-09-04T15:52:22.650Z] >>> [apiv2][query] POST https://auth.firebase.tools/attest [none]
[debug] [2026-09-04T15:52:22.650Z] >>> [apiv2][body] POST https://auth.firebase.tools/attest {"session_id":"c6431d99-e306-43e1-9653-5f661b79c1d1"}
[debug] [2026-09-04T15:52:23.233Z] <<< [apiv2][status] POST https://auth.firebase.tools/attest 200
[debug] [2026-09-04T15:53:52.432Z] ----------------------------------------------------------------------
[debug] [2026-09-04T15:53:52.435Z] Command:       C:\Program Files\nodejs\node.exe d:\batchfee\node_modules\firebase-tools\lib\bin\firebase.js login --no-localhost
[debug] [2026-09-04T15:53:52.435Z] CLI Version:   15.26.0
[debug] [2026-09-04T15:53:52.435Z] Platform:      win32
[debug] [2026-09-04T15:53:52.436Z] Node Version:  v22.14.0
[debug] [2026-09-04T15:53:52.436Z] Detected Agent: unknown
[debug] [2026-09-04T15:53:52.436Z] Time:          Fri Sep 04 2026 21:53:52 GMT+0600 (Bangladesh Standard Time)
[debug] [2026-09-04T15:53:52.436Z] ----------------------------------------------------------------------
[debug] 
[debug] [2026-09-04T15:53:52.692Z] >>> [apiv2][query] POST https://auth.firebase.tools/attest [none]
[debug] [2026-09-04T15:53:52.692Z] >>> [apiv2][body] POST https://auth.firebase.tools/attest {"session_id":"0488da83-71c4-4089-a59c-37755cc8966d"}
[debug] [2026-09-04T15:53:53.283Z] <<< [apiv2][status] POST https://auth.firebase.tools/attest 200
[debug] [2026-09-04T15:55:33.337Z] ----------------------------------------------------------------------
[debug] [2026-09-04T15:55:33.340Z] Command:       C:\Program Files\nodejs\node.exe d:\batchfee\node_modules\firebase-tools\lib\bin\firebase.js login 4/0ATsMZqBd-R_WPSJDNgmn8w0cPyJ9haWx8i1F95hVMHWfFqX2SZ2WIjqpUsB6xAFAzTSSIg
[debug] [2026-09-04T15:55:33.340Z] CLI Version:   15.26.0
[debug] [2026-09-04T15:55:33.340Z] Platform:      win32
[debug] [2026-09-04T15:55:33.340Z] Node Version:  v22.14.0
[debug] [2026-09-04T15:55:33.341Z] Detected Agent: unknown
[debug] [2026-09-04T15:55:33.341Z] Time:          Fri Sep 04 2026 21:55:33 GMT+0600 (Bangladesh Standard Time)
[debug] [2026-09-04T15:55:33.341Z] ----------------------------------------------------------------------
[debug] 
[debug] [2026-09-04T15:55:33.564Z] >>> [apiv2][query] POST https://accounts.google.com/o/oauth2/token [none]
[debug] [2026-09-04T15:55:33.564Z] >>> [apiv2][body] POST https://accounts.google.com/o/oauth2/token [omitted]
[debug] [2026-09-04T15:55:33.964Z] <<< [apiv2][status] POST https://accounts.google.com/o/oauth2/token 200
[debug] [2026-09-04T15:55:53.476Z] ----------------------------------------------------------------------
[debug] [2026-09-04T15:55:53.479Z] Command:       C:\Program Files\nodejs\node.exe d:\batchfee\node_modules\firebase-tools\lib\bin\firebase.js deploy --only functions:provisionStaffAccount,functions:updateStaffAccount,functions:loginStaff --project batchfee-477b8
[debug] [2026-09-04T15:55:53.479Z] CLI Version:   15.26.0
[debug] [2026-09-04T15:55:53.480Z] Platform:      win32
[debug] [2026-09-04T15:55:53.480Z] Node Version:  v22.14.0
[debug] [2026-09-04T15:55:53.480Z] Detected Agent: unknown
[debug] [2026-09-04T15:55:53.480Z] Time:          Fri Sep 04 2026 21:55:53 GMT+0600 (Bangladesh Standard Time)
[debug] [2026-09-04T15:55:53.480Z] ----------------------------------------------------------------------
[debug] 
[debug] [2026-09-04T15:56:09.235Z] > command requires scopes: ["email","openid","https://www.googleapis.com/auth/cloudplatformprojects.readonly","https://www.googleapis.com/auth/firebase","https://www.googleapis.com/auth/cloud-platform"]
[debug] [2026-09-04T15:56:09.235Z] > authorizing via signed-in user (batchfee.admin@gmail.com)
[debug] [2026-09-04T15:56:09.235Z] [iam] checking project batchfee-477b8 for permissions ["cloudfunctions.functions.create","cloudfunctions.functions.delete","cloudfunctions.functions.get","cloudfunctions.functions.list","cloudfunctions.functions.update","cloudfunctions.operations.get","firebase.projects.get"]
[debug] [2026-09-04T15:56:09.247Z] Checked if tokens are valid: true, expires at: 1788540932964
[debug] [2026-09-04T15:56:09.247Z] Checked if tokens are valid: true, expires at: 1788540932964
[debug] [2026-09-04T15:56:09.248Z] >>> [apiv2][query] POST https://cloudresourcemanager.googleapis.com/v1/projects/batchfee-477b8:testIamPermissions [none]
[debug] [2026-09-04T15:56:09.249Z] >>> [apiv2][(partial)header] POST https://cloudresourcemanager.googleapis.com/v1/projects/batchfee-477b8:testIamPermissions  x-goog-user-project=batchfee-477b8
[debug] [2026-09-04T15:56:09.249Z] >>> [apiv2][body] POST https://cloudresourcemanager.googleapis.com/v1/projects/batchfee-477b8:testIamPermissions {"permissions":["cloudfunctions.functions.create","cloudfunctions.functions.delete","cloudfunctions.functions.get","cloudfunctions.functions.list","cloudfunctions.functions.update","cloudfunctions.operations.get","firebase.projects.get"]}
[debug] [2026-09-04T15:56:10.760Z] <<< [apiv2][status] POST https://cloudresourcemanager.googleapis.com/v1/projects/batchfee-477b8:testIamPermissions 200
[debug] [2026-09-04T15:56:10.760Z] <<< [apiv2][body] POST https://cloudresourcemanager.googleapis.com/v1/projects/batchfee-477b8:testIamPermissions {"permissions":["cloudfunctions.functions.create","cloudfunctions.functions.delete","cloudfunctions.functions.get","cloudfunctions.functions.list","cloudfunctions.functions.update","cloudfunctions.operations.get","firebase.projects.get"]}
[debug] [2026-09-04T15:56:10.761Z] Checked if tokens are valid: true, expires at: 1788540932964
[debug] [2026-09-04T15:56:10.761Z] Checked if tokens are valid: true, expires at: 1788540932964
[debug] [2026-09-04T15:56:10.761Z] >>> [apiv2][query] POST https://iam.googleapis.com/v1/projects/batchfee-477b8/serviceAccounts/batchfee-477b8@appspot.gserviceaccount.com:testIamPermissions [none]
[debug] [2026-09-04T15:56:10.761Z] >>> [apiv2][body] POST https://iam.googleapis.com/v1/projects/batchfee-477b8/serviceAccounts/batchfee-477b8@appspot.gserviceaccount.com:testIamPermissions {"permissions":["iam.serviceAccounts.actAs"]}
[debug] [2026-09-04T15:56:12.287Z] <<< [apiv2][status] POST https://iam.googleapis.com/v1/projects/batchfee-477b8/serviceAccounts/batchfee-477b8@appspot.gserviceaccount.com:testIamPermissions 200
[debug] [2026-09-04T15:56:12.287Z] <<< [apiv2][body] POST https://iam.googleapis.com/v1/projects/batchfee-477b8/serviceAccounts/batchfee-477b8@appspot.gserviceaccount.com:testIamPermissions {"permissions":["iam.serviceAccounts.actAs"]}
[info] 
[info] === Deploying to 'batchfee-477b8'...
[info] 
[info] i  deploying functions 
[debug] [2026-09-04T15:56:12.291Z] Checked if tokens are valid: true, expires at: 1788540932964
[debug] [2026-09-04T15:56:12.291Z] Checked if tokens are valid: true, expires at: 1788540932964
[debug] [2026-09-04T15:56:12.291Z] >>> [apiv2][query] GET https://cloudresourcemanager.googleapis.com/v1/projects/batchfee-477b8 [none]
[debug] [2026-09-04T15:56:12.659Z] <<< [apiv2][status] GET https://cloudresourcemanager.googleapis.com/v1/projects/batchfee-477b8 200
[debug] [2026-09-04T15:56:12.659Z] <<< [apiv2][body] GET https://cloudresourcemanager.googleapis.com/v1/projects/batchfee-477b8 {"projectNumber":"632446580863","projectId":"batchfee-477b8","lifecycleState":"ACTIVE","name":"batchfee","labels":{"firebase":"enabled","firebase-core":"disabled"},"createTime":"2026-06-04T09:42:54.528Z"}
[info] i  functions: preparing codebase default for deployment 
[info] i  functions: ensuring required API cloudfunctions.googleapis.com is enabled... 
[info] i  functions: ensuring required API cloudbuild.googleapis.com is enabled... 
[info] i  artifactregistry: ensuring required API artifactregistry.googleapis.com is enabled... 
[debug] [2026-09-04T15:56:12.663Z] Checked if tokens are valid: true, expires at: 1788540932964
[debug] [2026-09-04T15:56:12.663Z] Checked if tokens are valid: true, expires at: 1788540932964
[debug] [2026-09-04T15:56:12.663Z] >>> [apiv2][query] GET https://firebase.googleapis.com/v1beta1/projects/batchfee-477b8/adminSdkConfig [none]
[debug] [2026-09-04T15:56:13.411Z] <<< [apiv2][status] GET https://firebase.googleapis.com/v1beta1/projects/batchfee-477b8/adminSdkConfig 200
[debug] [2026-09-04T15:56:13.412Z] <<< [apiv2][body] GET https://firebase.googleapis.com/v1beta1/projects/batchfee-477b8/adminSdkConfig {"projectId":"batchfee-477b8","storageBucket":"batchfee-477b8.firebasestorage.app"}
[debug] [2026-09-04T15:56:13.412Z] Checked if tokens are valid: true, expires at: 1788540932964
[debug] [2026-09-04T15:56:13.412Z] Checked if tokens are valid: true, expires at: 1788540932964
[debug] [2026-09-04T15:56:13.412Z] >>> [apiv2][query] GET https://runtimeconfig.googleapis.com/v1beta1/projects/batchfee-477b8/configs [none]
[debug] [2026-09-04T15:56:13.974Z] <<< [apiv2][status] GET https://runtimeconfig.googleapis.com/v1beta1/projects/batchfee-477b8/configs 200
[debug] [2026-09-04T15:56:13.974Z] <<< [apiv2][body] GET https://runtimeconfig.googleapis.com/v1beta1/projects/batchfee-477b8/configs {}
[debug] [2026-09-04T15:56:13.976Z] Validating nodejs source
[debug] [2026-09-04T15:56:21.197Z] > [functions] package.json contents: {
  "name": "batchfee-functions",
  "private": true,
  "main": "src/index.js",
  "engines": {
    "node": "22"
  },
  "scripts": {
    "test": "node --test test/*.test.js",
    "check": "node --check src/index.js && node --check src/operationalTelemetryCore.js && node --check src/registrationApprovalCore.js && node --check src/registrationProfileCore.js && node --check src/trustedCreationCore.js && node --check src/subscriptionMaintenanceCore.js && node --check src/subscriptionPolicy.js && node --check src/defaultSubscriptionPlans.js && node --check src/platformAdmin.js && node --check src/studentAuthCore.js && node --check src/studentActivity.js && node --check src/instituteOwnerLoginActivity.js && node --check src/tenantOperationalSummaryCore.js && node --check src/tenantOperationalSummary.js && node --check src/publicRegistrationCore.js && node --check src/publicRegistration.js && node --check src/registrationPhoto.js && node --check src/financialLedgerCore.js && node --check src/financialLedger.js && node --check src/examFeeBilling.js && node --check src/subscriptionBillingCore.js && node --check src/subscriptionBilling.js && node --check src/safeDeletionCore.js && node --check src/safeDeletion.js && node --check src/permanentStudentPurge.js && node --check src/permanentArchivePurge.js && node --check src/permanentInstitutePurge.js && node --check src/mediaSecurityCore.js && node --check src/mediaSecurity.js && node --check src/legacyStudentCredentialCleanup.js && node --check scripts/cleanupLegacyStudentCredentials.js",
    "test:integration": "node integration/studentAuth.integration.js",
    "test:financial-integration": "node integration/financialLedger.integration.js",
    "test:deletion-integration": "node integration/safeDeletion.integration.js",
    "test:media-integration": "node integration/mediaSecurity.integration.js",
    "migrate:student-credentials": "node scripts/cleanupLegacyStudentCredentials.js"
  },
  "dependencies": {
    "firebase-admin": "^14.2.0",
    "firebase-functions": "^7.3.2"
  }
}
[debug] [2026-09-04T15:56:21.197Z] Building nodejs source
[info] i  functions: Loading and analyzing source code for codebase default to determine what to deploy 
[debug] [2026-09-04T15:56:21.201Z] Could not find functions.yaml. Must use http discovery
[debug] [2026-09-04T15:56:21.234Z] Found firebase-functions binary at 'd:\batchfee\functions\node_modules\.bin\firebase-functions'
[info] Serving at port 8810

[debug] [2026-09-04T15:56:27.592Z] Got response from /__/functions.yaml {"endpoints":{"provisionStudentAccount":{"availableMemoryMb":256,"timeoutSeconds":30,"minInstances":null,"maxInstances":null,"ingressSettings":null,"concurrency":null,"serviceAccountEmail":null,"vpc":null,"platform":"gcfv2","region":["asia-south1"],"labels":{},"callableTrigger":{},"entryPoint":"provisionStudentAccount"},"disableStudentAccount":{"availableMemoryMb":256,"timeoutSeconds":30,"minInstances":null,"maxInstances":null,"ingressSettings":null,"concurrency":null,"serviceAccountEmail":null,"vpc":null,"platform":"gcfv2","region":["asia-south1"],"labels":{},"callableTrigger":{},"entryPoint":"disableStudentAccount"},"deleteStudentAccount":{"availableMemoryMb":256,"timeoutSeconds":30,"minInstances":null,"maxInstances":null,"ingressSettings":null,"concurrency":null,"serviceAccountEmail":null,"vpc":null,"platform":"gcfv2","region":["asia-south1"],"labels":{},"callableTrigger":{},"entryPoint":"deleteStudentAccount"},"getStudentAccountStatus":{"availableMemoryMb":256,"timeoutSeconds":30,"minInstances":null,"maxInstances":null,"ingressSettings":null,"concurrency":null,"serviceAccountEmail":null,"vpc":null,"platform":"gcfv2","region":["asia-south1"],"labels":{},"callableTrigger":{},"entryPoint":"getStudentAccountStatus"},"loginStudent":{"availableMemoryMb":256,"timeoutSeconds":30,"minInstances":null,"maxInstances":null,"ingressSettings":null,"concurrency":null,"serviceAccountEmail":null,"vpc":null,"platform":"gcfv2","region":["asia-south1"],"labels":{},"callableTrigger":{},"entryPoint":"loginStudent"},"recordStudentActivity":{"availableMemoryMb":256,"timeoutSeconds":30,"minInstances":null,"maxInstances":null,"ingressSettings":null,"concurrency":null,"serviceAccountEmail":null,"vpc":null,"platform":"gcfv2","region":["asia-south1"],"labels":{},"callableTrigger":{},"entryPoint":"recordStudentActivity"},"getStudentActivity":{"availableMemoryMb":256,"timeoutSeconds":30,"minInstances":null,"maxInstances":null,"ingressSettings":null,"concurrency":null,"serviceAccountEmail":null,"vpc":null,"platform":"gcfv2","region":["asia-south1"],"labels":{},"callableTrigger":{},"entryPoint":"getStudentActivity"},"recordInstituteOwnerLogin":{"availableMemoryMb":256,"timeoutSeconds":30,"minInstances":null,"maxInstances":null,"ingressSettings":null,"concurrency":null,"serviceAccountEmail":null,"vpc":null,"platform":"gcfv2","region":["asia-south1"],"labels":{},"callableTrigger":{},"entryPoint":"recordInstituteOwnerLogin"},"getInstituteOwnerLoginActivity":{"availableMemoryMb":256,"timeoutSeconds":30,"minInstances":null,"maxInstances":null,"ingressSettings":null,"concurrency":null,"serviceAccountEmail":null,"vpc":null,"platform":"gcfv2","region":["asia-south1"],"labels":{},"callableTrigger":{},"entryPoint":"getInstituteOwnerLoginActivity"},"cleanupInstituteOwnerLoginActivity":{"availableMemoryMb":256,"timeoutSeconds":300,"minInstances":null,"maxInstances":null,"ingressSettings":null,"concurrency":null,"serviceAccountEmail":null,"vpc":null,"platform":"gcfv2","region":["asia-south1"],"labels":{},"scheduleTrigger":{"schedule":"every day 03:15","retryConfig":{},"timeZone":"Asia/Dhaka"},"entryPoint":"cleanupInstituteOwnerLoginActivity"},"createEntitledStudent":{"availableMemoryMb":256,"timeoutSeconds":60,"minInstances":null,"maxInstances":null,"ingressSettings":null,"concurrency":null,"serviceAccountEmail":null,"vpc":null,"platform":"gcfv2","region":["asia-south1"],"labels":{},"callableTrigger":{},"entryPoint":"createEntitledStudent"},"createEntitledBatch":{"availableMemoryMb":256,"timeoutSeconds":60,"minInstances":null,"maxInstances":null,"ingressSettings":null,"concurrency":null,"serviceAccountEmail":null,"vpc":null,"platform":"gcfv2","region":["asia-south1"],"labels":{},"callableTrigger":{},"entryPoint":"createEntitledBatch"},"unassignStudentFromBatch":{"availableMemoryMb":256,"timeoutSeconds":60,"minInstances":null,"maxInstances":null,"ingressSettings":null,"concurrency":null,"serviceAccountEmail":null,"vpc":null,"platform":"gcfv2","region":["asia-south1"],"labels":{},"callableTrigger":{},"entryPoint":"unassignStudentFromBatch"},"shiftStudentBetweenBatches":{"availableMemoryMb":256,"timeoutSeconds":60,"minInstances":null,"maxInstances":null,"ingressSettings":null,"concurrency":null,"serviceAccountEmail":null,"vpc":null,"platform":"gcfv2","region":["asia-south1"],"labels":{},"callableTrigger":{},"entryPoint":"shiftStudentBetweenBatches"},"createEntitledStaff":{"availableMemoryMb":256,"timeoutSeconds":60,"minInstances":null,"maxInstances":null,"ingressSettings":null,"concurrency":null,"serviceAccountEmail":null,"vpc":null,"platform":"gcfv2","region":["asia-south1"],"labels":{},"callableTrigger":{},"entryPoint":"createEntitledStaff"},"provisionStaffAccount":{"availableMemoryMb":512,"timeoutSeconds":60,"minInstances":null,"maxInstances":null,"ingressSettings":null,"concurrency":null,"serviceAccountEmail":null,"vpc":null,"platform":"gcfv2","region":["asia-south1"],"labels":{},"callableTrigger":{},"entryPoint":"provisionStaffAccount"},"updateStaffAccount":{"availableMemoryMb":512,"timeoutSeconds":60,"minInstances":null,"maxInstances":null,"ingressSettings":null,"concurrency":null,"serviceAccountEmail":null,"vpc":null,"platform":"gcfv2","region":["asia-south1"],"labels":{},"callableTrigger":{},"entryPoint":"updateStaffAccount"},"loginStaff":{"availableMemoryMb":256,"timeoutSeconds":30,"minInstances":null,"maxInstances":null,"ingressSettings":null,"concurrency":null,"serviceAccountEmail":null,"vpc":null,"platform":"gcfv2","region":["asia-south1"],"labels":{},"callableTrigger":{},"entryPoint":"loginStaff"},"createRegistrationProfile":{"availableMemoryMb":256,"timeoutSeconds":30,"minInstances":null,"maxInstances":null,"ingressSettings":null,"concurrency":null,"serviceAccountEmail":null,"vpc":null,"platform":"gcfv2","region":["asia-south1"],"labels":{},"callableTrigger":{},"entryPoint":"createRegistrationProfile"},"updateStudentProfile":{"availableMemoryMb":256,"timeoutSeconds":30,"minInstances":null,"maxInstances":null,"ingressSettings":null,"concurrency":null,"serviceAccountEmail":null,"vpc":null,"platform":"gcfv2","region":["asia-south1"],"labels":{},"callableTrigger":{},"entryPoint":"updateStudentProfile"},"reconcileStudentOperationalSummary":{"availableMemoryMb":256,"timeoutSeconds":null,"minInstances":null,"maxInstances":null,"ingressSettings":null,"concurrency":null,"serviceAccountEmail":null,"vpc":null,"platform":"gcfv2","region":["asia-south1"],"labels":{},"eventTrigger":{"eventType":"google.cloud.firestore.document.v1.written","eventFilters":{"database":"(default)","namespace":"(default)"},"eventFilterPathPatterns":{"document":"institutes/{instituteId}/students/{entityId}"},"retry":false},"entryPoint":"reconcileStudentOperationalSummary"},"reconcileBatchOperationalSummary":{"availableMemoryMb":256,"timeoutSeconds":null,"minInstances":null,"maxInstances":null,"ingressSettings":null,"concurrency":null,"serviceAccountEmail":null,"vpc":null,"platform":"gcfv2","region":["asia-south1"],"labels":{},"eventTrigger":{"eventType":"google.cloud.firestore.document.v1.written","eventFilters":{"database":"(default)","namespace":"(default)"},"eventFilterPathPatterns":{"document":"institutes/{instituteId}/batches/{entityId}"},"retry":false},"entryPoint":"reconcileBatchOperationalSummary"},"reconcileStaffOperationalSummary":{"availableMemoryMb":256,"timeoutSeconds":null,"minInstances":null,"maxInstances":null,"ingressSettings":null,"concurrency":null,"serviceAccountEmail":null,"vpc":null,"platform":"gcfv2","region":["asia-south1"],"labels":{},"eventTrigger":{"eventType":"google.cloud.firestore.document.v1.written","eventFilters":{"database":"(default)","namespace":"(default)"},"eventFilterPathPatterns":{"document":"institutes/{instituteId}/staffs/{entityId}"},"retry":false},"entryPoint":"reconcileStaffOperationalSummary"},"repairSubscriptionEntitlements":{"availableMemoryMb":256,"timeoutSeconds":540,"minInstances":null,"maxInstances":null,"ingressSettings":null,"concurrency":null,"serviceAccountEmail":null,"vpc":null,"platform":"gcfv2","region":["asia-south1"],"labels":{},"callableTrigger":{},"entryPoint":"repairSubscriptionEntitlements"},"expireElapsedSubscriptions":{"availableMemoryMb":256,"timeoutSeconds":540,"minInstances":null,"maxInstances":null,"ingressSettings":null,"concurrency":null,"serviceAccountEmail":null,"vpc":null,"platform":"gcfv2","region":["asia-south1"],"labels":{},"scheduleTrigger":{"schedule":"every 15 minutes","retryConfig":{},"timeZone":"Asia/Dhaka"},"entryPoint":"expireElapsedSubscriptions"},"commitFinancialOperation":{"availableMemoryMb":256,"timeoutSeconds":60,"minInstances":null,"maxInstances":null,"ingressSettings":null,"concurrency":null,"serviceAccountEmail":null,"vpc":null,"platform":"gcfv2","region":["asia-south1"],"labels":{},"callableTrigger":{},"entryPoint":"commitFinancialOperation"},"createExamWithFees":{"availableMemoryMb":512,"timeoutSeconds":60,"minInstances":null,"maxInstances":null,"ingressSettings":null,"concurrency":null,"serviceAccountEmail":null,"vpc":null,"platform":"gcfv2","region":["asia-south1"],"labels":{},"callableTrigger":{},"entryPoint":"createExamWithFees"},"commitSubscriptionOperation":{"availableMemoryMb":256,"timeoutSeconds":60,"minInstances":null,"maxInstances":null,"ingressSettings":null,"concurrency":null,"serviceAccountEmail":null,"vpc":null,"platform":"gcfv2","region":["asia-south1"],"labels":{},"callableTrigger":{},"entryPoint":"commitSubscriptionOperation"},"commitPlatformAdminOperation":{"availableMemoryMb":256,"timeoutSeconds":60,"minInstances":null,"maxInstances":null,"ingressSettings":null,"concurrency":null,"serviceAccountEmail":null,"vpc":null,"platform":"gcfv2","region":["asia-south1"],"labels":{},"callableTrigger":{},"entryPoint":"commitPlatformAdminOperation"},"commitSafeDeletion":{"availableMemoryMb":256,"timeoutSeconds":60,"minInstances":null,"maxInstances":null,"ingressSettings":null,"concurrency":null,"serviceAccountEmail":null,"vpc":null,"platform":"gcfv2","region":["asia-south1"],"labels":{},"callableTrigger":{},"entryPoint":"commitSafeDeletion"},"permanentlyPurgeStudent":{"availableMemoryMb":512,"timeoutSeconds":120,"minInstances":null,"maxInstances":null,"ingressSettings":null,"concurrency":null,"serviceAccountEmail":null,"vpc":null,"platform":"gcfv2","region":["asia-south1"],"labels":{},"callableTrigger":{},"entryPoint":"permanentlyPurgeStudent"},"permanentlyPurgeBatch":{"availableMemoryMb":512,"timeoutSeconds":120,"minInstances":null,"maxInstances":null,"ingressSettings":null,"concurrency":null,"serviceAccountEmail":null,"vpc":null,"platform":"gcfv2","region":["asia-south1"],"labels":{},"callableTrigger":{},"entryPoint":"permanentlyPurgeBatch"},"permanentlyPurgeStaff":{"availableMemoryMb":512,"timeoutSeconds":120,"minInstances":null,"maxInstances":null,"ingressSettings":null,"concurrency":null,"serviceAccountEmail":null,"vpc":null,"platform":"gcfv2","region":["asia-south1"],"labels":{},"callableTrigger":{},"entryPoint":"permanentlyPurgeStaff"},"permanentlyPurgeInstitute":{"availableMemoryMb":1024,"timeoutSeconds":540,"minInstances":null,"maxInstances":null,"ingressSettings":null,"concurrency":null,"serviceAccountEmail":null,"vpc":null,"platform":"gcfv2","region":["asia-south1"],"labels":{},"callableTrigger":{},"entryPoint":"permanentlyPurgeInstitute"},"uploadSecureMedia":{"availableMemoryMb":512,"timeoutSeconds":60,"minInstances":null,"maxInstances":null,"ingressSettings":null,"concurrency":null,"serviceAccountEmail":null,"vpc":null,"platform":"gcfv2","region":["asia-south1"],"labels":{},"callableTrigger":{},"entryPoint":"uploadSecureMedia"},"getSecureMediaUrl":{"availableMemoryMb":256,"timeoutSeconds":30,"minInstances":null,"maxInstances":null,"ingressSettings":null,"concurrency":null,"serviceAccountEmail":null,"vpc":null,"platform":"gcfv2","region":["asia-south1"],"labels":{},"callableTrigger":{},"entryPoint":"getSecureMediaUrl"},"submitPublicRegistration":{"availableMemoryMb":256,"timeoutSeconds":30,"minInstances":null,"maxInstances":null,"ingressSettings":null,"concurrency":null,"serviceAccountEmail":null,"vpc":null,"platform":"gcfv2","region":["asia-south1"],"secretEnvironmentVariables":[{"key":"REGISTRATION_RATE_LIMIT_SECRET"}],"labels":{},"httpsTrigger":{},"entryPoint":"submitPublicRegistration"}},"specVersion":"v1alpha1","requiredAPIs":[{"api":"cloudscheduler.googleapis.com","reason":"Needed for scheduled functions."}],"extensions":{},"params":[{"type":"secret","name":"REGISTRATION_RATE_LIMIT_SECRET"}]}
[debug] [2026-09-04T15:56:30.645Z] Checked if tokens are valid: true, expires at: 1788540932964
[debug] [2026-09-04T15:56:30.645Z] Checked if tokens are valid: true, expires at: 1788540932964
[debug] [2026-09-04T15:56:30.645Z] >>> [apiv2][query] GET https://cloudfunctions.googleapis.com/v1/projects/batchfee-477b8/locations/-/functions [none]
[debug] [2026-09-04T15:56:31.705Z] <<< [apiv2][status] GET https://cloudfunctions.googleapis.com/v1/projects/batchfee-477b8/locations/-/functions 200
[debug] [2026-09-04T15:56:31.705Z] <<< [apiv2][body] GET https://cloudfunctions.googleapis.com/v1/projects/batchfee-477b8/locations/-/functions {}
[debug] [2026-09-04T15:56:31.706Z] Checked if tokens are valid: true, expires at: 1788540932964
[debug] [2026-09-04T15:56:31.706Z] Checked if tokens are valid: true, expires at: 1788540932964
[debug] [2026-09-04T15:56:31.707Z] >>> [apiv2][query] GET https://cloudfunctions.googleapis.com/v2/projects/batchfee-477b8/locations/-/functions filter=environment%3D%22GEN_2%22
[debug] [2026-09-04T15:56:33.438Z] <<< [apiv2][status] GET https://cloudfunctions.googleapis.com/v2/projects/batchfee-477b8/locations/-/functions 200
[debug] [2026-09-04T15:56:33.439Z] <<< [apiv2][body] GET https://cloudfunctions.googleapis.com/v2/projects/batchfee-477b8/locations/-/functions {"functions":[{"name":"projects/batchfee-477b8/locations/asia-south1/functions/getSecureMediaUrl","buildConfig":{"build":"projects/632446580863/locations/asia-south1/builds/89863af1-1b18-42c7-8ebe-f7dd1181844a","runtime":"nodejs22","entryPoint":"getSecureMediaUrl","source":{"storageSource":{"bucket":"gcf-v2-sources-632446580863-asia-south1","object":"getSecureMediaUrl/function-source.zip","generation":"1786931588488963"}},"environmentVariables":{"GOOGLE_NODE_RUN_SCRIPTS":""},"dockerRepository":"projects/batchfee-477b8/locations/asia-south1/repositories/gcf-artifacts","sourceProvenance":{"resolvedStorageSource":{"bucket":"gcf-v2-sources-632446580863-asia-south1","object":"getSecureMediaUrl/function-source.zip","generation":"1786931588488963"}},"dockerRegistry":"ARTIFACT_REGISTRY","serviceAccount":"projects/batchfee-477b8/serviceAccounts/632446580863-compute@developer.gserviceaccount.com","automaticUpdatePolicy":{}},"serviceConfig":{"service":"projects/batchfee-477b8/locations/asia-south1/services/getsecuremediaurl","timeoutSeconds":30,"environmentVariables":{"FIREBASE_CONFIG":"{\"projectId\":\"batchfee-477b8\",\"storageBucket\":\"batchfee-477b8.firebasestorage.app\"}","GCLOUD_PROJECT":"batchfee-477b8","EVENTARC_CLOUD_EVENT_SOURCE":"projects/batchfee-477b8/locations/asia-south1/services/getSecureMediaUrl","FUNCTION_REGION":"asia-south1","FUNCTION_TARGET":"getSecureMediaUrl","LOG_EXECUTION_ID":"true","FUNCTION_SIGNATURE_TYPE":"http"},"maxInstanceCount":3,"ingressSettings":"ALLOW_ALL","uri":"https://getsecuremediaurl-i3itvyqddq-el.a.run.app","serviceAccountEmail":"632446580863-compute@developer.gserviceaccount.com","availableMemory":"256Mi","allTrafficOnLatestRevision":true,"revision":"getsecuremediaurl-00004-cub","maxInstanceRequestConcurrency":80,"availableCpu":"1"},"state":"ACTIVE","updateTime":"2026-08-17T01:54:03.287199756Z","labels":{"deployment-callable":"true","firebase-functions-hash":"e6144ba00c64fedbdb75469407f13f715231ff14","deployment-tool":"cli-firebase"},"environment":"GEN_2","url":"https://asia-south1-batchfee-477b8.cloudfunctions.net/getSecureMediaUrl","satisfiesPzs":true,"createTime":"2026-08-14T09:31:29.567383933Z","satisfiesPzi":true},{"name":"projects/batchfee-477b8/locations/asia-south1/functions/unassignStudentFromBatch","buildConfig":{"build":"projects/632446580863/locations/asia-south1/builds/be4d1038-8dac-4e03-ba89-7c8d3c85e686","runtime":"nodejs22","entryPoint":"unassignStudentFromBatch","source":{"storageSource":{"bucket":"gcf-v2-sources-632446580863-asia-south1","object":"unassignStudentFromBatch/function-source.zip","generation":"1788289168935442"}},"environmentVariables":{"GOOGLE_NODE_RUN_SCRIPTS":""},"dockerRepository":"projects/batchfee-477b8/locations/asia-south1/repositories/gcf-artifacts","sourceProvenance":{"resolvedStorageSource":{"bucket":"gcf-v2-sources-632446580863-asia-south1","object":"unassignStudentFromBatch/function-source.zip","generation":"1788289168935442"}},"dockerRegistry":"ARTIFACT_REGISTRY","serviceAccount":"projects/batchfee-477b8/serviceAccounts/632446580863-compute@developer.gserviceaccount.com","automaticUpdatePolicy":{}},"serviceConfig":{"service":"projects/batchfee-477b8/locations/asia-south1/services/unassignstudentfrombatch","timeoutSeconds":60,"environmentVariables":{"FIREBASE_CONFIG":"{\"projectId\":\"batchfee-477b8\",\"storageBucket\":\"batchfee-477b8.firebasestorage.app\"}","GCLOUD_PROJECT":"batchfee-477b8","EVENTARC_CLOUD_EVENT_SOURCE":"projects/batchfee-477b8/locations/asia-south1/services/unassignStudentFromBatch","FUNCTION_REGION":"asia-south1","FUNCTION_TARGET":"unassignStudentFromBatch","LOG_EXECUTION_ID":"true"},"ingressSettings":"ALLOW_ALL","uri":"https://unassignstudentfrombatch-i3itvyqddq-el.a.run.app","serviceAccountEmail":"632446580863-compute@developer.gserviceaccount.com","availableMemory":"256Mi","allTrafficOnLatestRevision":true,"revision":"unassignstudentfrombatch-00001-cax","maxInstanceRequestConcurrency":80,"availableCpu":"1"},"state":"ACTIVE","updateTime":"2026-09-01T19:00:26.548747371Z","labels":{"deployment-tool":"cli-firebase","deployment-callable":"true","firebase-functions-hash":"e1808dfcc9c4be3d55094dc787cc96b74f95a22d"},"environment":"GEN_2","url":"https://asia-south1-batchfee-477b8.cloudfunctions.net/unassignStudentFromBatch","satisfiesPzs":true,"createTime":"2026-09-01T18:59:29.670437184Z","satisfiesPzi":true},{"name":"projects/batchfee-477b8/locations/asia-south1/functions/shiftStudentBetweenBatches","buildConfig":{"build":"projects/632446580863/locations/asia-south1/builds/e0289630-7c6c-4d82-9d68-9db49747ef49","runtime":"nodejs22","entryPoint":"shiftStudentBetweenBatches","source":{"storageSource":{"bucket":"gcf-v2-sources-632446580863-asia-south1","object":"shiftStudentBetweenBatches/function-source.zip","generation":"1788317020534220"}},"environmentVariables":{"GOOGLE_NODE_RUN_SCRIPTS":""},"dockerRepository":"projects/batchfee-477b8/locations/asia-south1/repositories/gcf-artifacts","sourceProvenance":{"resolvedStorageSource":{"bucket":"gcf-v2-sources-632446580863-asia-south1","object":"shiftStudentBetweenBatches/function-source.zip","generation":"1788317020534220"}},"dockerRegistry":"ARTIFACT_REGISTRY","serviceAccount":"projects/batchfee-477b8/serviceAccounts/632446580863-compute@developer.gserviceaccount.com","automaticUpdatePolicy":{}},"serviceConfig":{"service":"projects/batchfee-477b8/locations/asia-south1/services/shiftstudentbetweenbatches","timeoutSeconds":60,"environmentVariables":{"FIREBASE_CONFIG":"{\"projectId\":\"batchfee-477b8\",\"storageBucket\":\"batchfee-477b8.firebasestorage.app\"}","GCLOUD_PROJECT":"batchfee-477b8","EVENTARC_CLOUD_EVENT_SOURCE":"projects/batchfee-477b8/locations/asia-south1/services/shiftStudentBetweenBatches","FUNCTION_REGION":"asia-south1","FUNCTION_TARGET":"shiftStudentBetweenBatches","LOG_EXECUTION_ID":"true"},"ingressSettings":"ALLOW_ALL","uri":"https://shiftstudentbetweenbatches-i3itvyqddq-el.a.run.app","serviceAccountEmail":"632446580863-compute@developer.gserviceaccount.com","availableMemory":"256Mi","allTrafficOnLatestRevision":true,"revision":"shiftstudentbetweenbatches-00001-fim","maxInstanceRequestConcurrency":80,"availableCpu":"1"},"state":"ACTIVE","updateTime":"2026-09-02T02:44:33.504964211Z","labels":{"deployment-tool":"cli-firebase","deployment-callable":"true","firebase-functions-hash":"29e9107c9541c0358a358b21396ced5730886f0d"},"environment":"GEN_2","url":"https://asia-south1-batchfee-477b8.cloudfunctions.net/shiftStudentBetweenBatches","satisfiesPzs":true,"createTime":"2026-09-02T02:43:41.384525193Z","satisfiesPzi":true},{"name":"projects/batchfee-477b8/locations/asia-south1/functions/permanentlyPurgeStudent","buildConfig":{"build":"projects/632446580863/locations/asia-south1/builds/24387d11-f0d9-43b3-9d22-5542965e613b","runtime":"nodejs22","entryPoint":"permanentlyPurgeStudent","source":{"storageSource":{"bucket":"gcf-v2-sources-632446580863-asia-south1","object":"permanentlyPurgeStudent/function-source.zip","generation":"1788059973315069"}},"environmentVariables":{"GOOGLE_NODE_RUN_SCRIPTS":""},"dockerRepository":"projects/batchfee-477b8/locations/asia-south1/repositories/gcf-artifacts","sourceProvenance":{"resolvedStorageSource":{"bucket":"gcf-v2-sources-632446580863-asia-south1","object":"permanentlyPurgeStudent/function-source.zip","generation":"1788059973315069"}},"dockerRegistry":"ARTIFACT_REGISTRY","serviceAccount":"projects/batchfee-477b8/serviceAccounts/632446580863-compute@developer.gserviceaccount.com","automaticUpdatePolicy":{}},"serviceConfig":{"service":"projects/batchfee-477b8/locations/asia-south1/services/permanentlypurgestudent","timeoutSeconds":120,"environmentVariables":{"FIREBASE_CONFIG":"{\"projectId\":\"batchfee-477b8\",\"storageBucket\":\"batchfee-477b8.firebasestorage.app\"}","GCLOUD_PROJECT":"batchfee-477b8","EVENTARC_CLOUD_EVENT_SOURCE":"projects/batchfee-477b8/locations/asia-south1/services/permanentlyPurgeStudent","FUNCTION_REGION":"asia-south1","FUNCTION_TARGET":"permanentlyPurgeStudent","LOG_EXECUTION_ID":"true","FUNCTION_SIGNATURE_TYPE":"http"},"maxInstanceCount":3,"ingressSettings":"ALLOW_ALL","uri":"https://permanentlypurgestudent-i3itvyqddq-el.a.run.app","serviceAccountEmail":"632446580863-compute@developer.gserviceaccount.com","availableMemory":"512Mi","allTrafficOnLatestRevision":true,"revision":"permanentlypurgestudent-00009-gox","maxInstanceRequestConcurrency":80,"availableCpu":"1"},"state":"ACTIVE","updateTime":"2026-08-30T03:20:27.921681001Z","labels":{"deployment-callable":"true","firebase-functions-hash":"b1c79aa0cd4181ed265fc14cb84171ff4c453b86","deployment-tool":"cli-firebase"},"environment":"GEN_2","url":"https://asia-south1-batchfee-477b8.cloudfunctions.net/permanentlyPurgeStudent","satisfiesPzs":true,"createTime":"2026-08-14T09:30:16.378960626Z","satisfiesPzi":true},{"name":"projects/batchfee-477b8/locations/asia-south1/functions/recordInstituteOwnerLogin","buildConfig":{"build":"projects/632446580863/locations/asia-south1/builds/30c5186e-fe33-42b2-8bbb-6dec7085b215","runtime":"nodejs22","entryPoint":"recordInstituteOwnerLogin","source":{"storageSource":{"bucket":"gcf-v2-sources-632446580863-asia-south1","object":"recordInstituteOwnerLogin/function-source.zip","generation":"1787368530458456"}},"environmentVariables":{"GOOGLE_NODE_RUN_SCRIPTS":""},"dockerRepository":"projects/batchfee-477b8/locations/asia-south1/repositories/gcf-artifacts","sourceProvenance":{"resolvedStorageSource":{"bucket":"gcf-v2-sources-632446580863-asia-south1","object":"recordInstituteOwnerLogin/function-source.zip","generation":"1787368530458456"}},"dockerRegistry":"ARTIFACT_REGISTRY","serviceAccount":"projects/batchfee-477b8/serviceAccounts/632446580863-compute@developer.gserviceaccount.com","automaticUpdatePolicy":{}},"serviceConfig":{"service":"projects/batchfee-477b8/locations/asia-south1/services/recordinstituteownerlogin","timeoutSeconds":30,"environmentVariables":{"FIREBASE_CONFIG":"{\"projectId\":\"batchfee-477b8\",\"storageBucket\":\"batchfee-477b8.firebasestorage.app\"}","GCLOUD_PROJECT":"batchfee-477b8","EVENTARC_CLOUD_EVENT_SOURCE":"projects/batchfee-477b8/locations/asia-south1/services/recordInstituteOwnerLogin","FUNCTION_REGION":"asia-south1","FUNCTION_TARGET":"recordInstituteOwnerLogin","LOG_EXECUTION_ID":"true"},"ingressSettings":"ALLOW_ALL","uri":"https://recordinstituteownerlogin-i3itvyqddq-el.a.run.app","serviceAccountEmail":"632446580863-compute@developer.gserviceaccount.com","availableMemory":"256Mi","allTrafficOnLatestRevision":true,"revision":"recordinstituteownerlogin-00001-bob","maxInstanceRequestConcurrency":80,"availableCpu":"1"},"state":"ACTIVE","updateTime":"2026-08-22T03:16:25.417314001Z","labels":{"firebase-functions-hash":"b063da973019a4f10073cbcf254cec217189ec7a","deployment-tool":"cli-firebase","deployment-callable":"true"},"environment":"GEN_2","url":"https://asia-south1-batchfee-477b8.cloudfunctions.net/recordInstituteOwnerLogin","satisfiesPzs":true,"createTime":"2026-08-22T03:15:31.328428209Z","satisfiesPzi":true},{"name":"projects/batchfee-477b8/locations/asia-south1/functions/createExamWithFees","buildConfig":{"build":"projects/632446580863/locations/asia-south1/builds/9133e297-0999-4c56-b905-6f9ba9be9fb5","runtime":"nodejs22","entryPoint":"createExamWithFees","source":{"storageSource":{"bucket":"gcf-v2-sources-632446580863-asia-south1","object":"createExamWithFees/function-source.zip","generation":"1786931429893642"}},"environmentVariables":{"GOOGLE_NODE_RUN_SCRIPTS":""},"dockerRepository":"projects/batchfee-477b8/locations/asia-south1/repositories/gcf-artifacts","sourceProvenance":{"resolvedStorageSource":{"bucket":"gcf-v2-sources-632446580863-asia-south1","object":"createExamWithFees/function-source.zip","generation":"1786931429893642"}},"dockerRegistry":"ARTIFACT_REGISTRY","serviceAccount":"projects/batchfee-477b8/serviceAccounts/632446580863-compute@developer.gserviceaccount.com","automaticUpdatePolicy":{}},"serviceConfig":{"service":"projects/batchfee-477b8/locations/asia-south1/services/createexamwithfees","timeoutSeconds":60,"environmentVariables":{"FIREBASE_CONFIG":"{\"projectId\":\"batchfee-477b8\",\"storageBucket\":\"batchfee-477b8.firebasestorage.app\"}","GCLOUD_PROJECT":"batchfee-477b8","EVENTARC_CLOUD_EVENT_SOURCE":"projects/batchfee-477b8/locations/asia-south1/services/createExamWithFees","FUNCTION_REGION":"asia-south1","FUNCTION_TARGET":"createExamWithFees","LOG_EXECUTION_ID":"true"},"maxInstanceCount":3,"ingressSettings":"ALLOW_ALL","uri":"https://createexamwithfees-i3itvyqddq-el.a.run.app","serviceAccountEmail":"632446580863-compute@developer.gserviceaccount.com","availableMemory":"512Mi","allTrafficOnLatestRevision":true,"revision":"createexamwithfees-00002-zuz","maxInstanceRequestConcurrency":80,"availableCpu":"1"},"state":"ACTIVE","updateTime":"2026-08-17T01:51:17.220757575Z","labels":{"deployment-tool":"cli-firebase","deployment-callable":"true","firebase-functions-hash":"e6144ba00c64fedbdb75469407f13f715231ff14"},"environment":"GEN_2","url":"https://asia-south1-batchfee-477b8.cloudfunctions.net/createExamWithFees","satisfiesPzs":true,"createTime":"2026-08-16T15:39:12.066719604Z","satisfiesPzi":true},{"name":"projects/batchfee-477b8/locations/asia-south1/functions/expireElapsedSubscriptions","buildConfig":{"build":"projects/632446580863/locations/asia-south1/builds/e28b7196-95bd-432d-8cfb-83ee4d04451f","runtime":"nodejs22","entryPoint":"expireElapsedSubscriptions","source":{"storageSource":{"bucket":"gcf-v2-sources-632446580863-asia-south1","object":"expireElapsedSubscriptions/function-source.zip","generation":"1786931482506988"}},"environmentVariables":{"GOOGLE_NODE_RUN_SCRIPTS":""},"dockerRepository":"projects/batchfee-477b8/locations/asia-south1/repositories/gcf-artifacts","sourceProvenance":{"resolvedStorageSource":{"bucket":"gcf-v2-sources-632446580863-asia-south1","object":"expireElapsedSubscriptions/function-source.zip","generation":"1786931482506988"}},"dockerRegistry":"ARTIFACT_REGISTRY","serviceAccount":"projects/batchfee-477b8/serviceAccounts/632446580863-compute@developer.gserviceaccount.com","automaticUpdatePolicy":{}},"serviceConfig":{"service":"projects/batchfee-477b8/locations/asia-south1/services/expireelapsedsubscriptions","timeoutSeconds":540,"environmentVariables":{"FIREBASE_CONFIG":"{\"projectId\":\"batchfee-477b8\",\"storageBucket\":\"batchfee-477b8.firebasestorage.app\"}","GCLOUD_PROJECT":"batchfee-477b8","EVENTARC_CLOUD_EVENT_SOURCE":"projects/batchfee-477b8/locations/asia-south1/services/expireElapsedSubscriptions","FUNCTION_REGION":"asia-south1","FUNCTION_TARGET":"expireElapsedSubscriptions","LOG_EXECUTION_ID":"true","FUNCTION_SIGNATURE_TYPE":"http"},"maxInstanceCount":3,"ingressSettings":"ALLOW_ALL","uri":"https://expireelapsedsubscriptions-i3itvyqddq-el.a.run.app","serviceAccountEmail":"632446580863-compute@developer.gserviceaccount.com","availableMemory":"256Mi","allTrafficOnLatestRevision":true,"revision":"expireelapsedsubscriptions-00002-mot","maxInstanceRequestConcurrency":80,"availableCpu":"1"},"state":"ACTIVE","updateTime":"2026-08-17T01:51:30.804946913Z","labels":{"firebase-functions-hash":"e6144ba00c64fedbdb75469407f13f715231ff14","deployment-tool":"cli-firebase","deployment-scheduled":"true"},"environment":"GEN_2","url":"https://asia-south1-batchfee-477b8.cloudfunctions.net/expireElapsedSubscriptions","satisfiesPzs":true,"createTime":"2026-08-14T09:31:29.119769128Z","satisfiesPzi":true},{"name":"projects/batchfee-477b8/locations/asia-south1/functions/permanentlyPurgeStaff","buildConfig":{"build":"projects/632446580863/locations/asia-south1/builds/9133e297-0999-4c56-b905-6f9ba9be9fb5","runtime":"nodejs22","entryPoint":"permanentlyPurgeStaff","source":{"storageSource":{"bucket":"gcf-v2-sources-632446580863-asia-south1","object":"permanentlyPurgeStaff/function-source.zip","generation":"1786931472683316"}},"environmentVariables":{"GOOGLE_NODE_RUN_SCRIPTS":""},"dockerRepository":"projects/batchfee-477b8/locations/asia-south1/repositories/gcf-artifacts","sourceProvenance":{"resolvedStorageSource":{"bucket":"gcf-v2-sources-632446580863-asia-south1","object":"permanentlyPurgeStaff/function-source.zip","generation":"1786931472683316"}},"dockerRegistry":"ARTIFACT_REGISTRY","serviceAccount":"projects/batchfee-477b8/serviceAccounts/632446580863-compute@developer.gserviceaccount.com","automaticUpdatePolicy":{}},"serviceConfig":{"service":"projects/batchfee-477b8/locations/asia-south1/services/permanentlypurgestaff","timeoutSeconds":120,"environmentVariables":{"FIREBASE_CONFIG":"{\"projectId\":\"batchfee-477b8\",\"storageBucket\":\"batchfee-477b8.firebasestorage.app\"}","GCLOUD_PROJECT":"batchfee-477b8","EVENTARC_CLOUD_EVENT_SOURCE":"projects/batchfee-477b8/locations/asia-south1/services/permanentlyPurgeStaff","FUNCTION_REGION":"asia-south1","FUNCTION_TARGET":"permanentlyPurgeStaff","LOG_EXECUTION_ID":"true","FUNCTION_SIGNATURE_TYPE":"http"},"maxInstanceCount":3,"ingressSettings":"ALLOW_ALL","uri":"https://permanentlypurgestaff-i3itvyqddq-el.a.run.app","serviceAccountEmail":"632446580863-compute@developer.gserviceaccount.com","availableMemory":"512Mi","allTrafficOnLatestRevision":true,"revision":"permanentlypurgestaff-00004-led","maxInstanceRequestConcurrency":80,"availableCpu":"1"},"state":"ACTIVE","updateTime":"2026-08-17T01:51:22.315921305Z","labels":{"firebase-functions-hash":"e6144ba00c64fedbdb75469407f13f715231ff14","deployment-tool":"cli-firebase","deployment-callable":"true"},"environment":"GEN_2","url":"https://asia-south1-batchfee-477b8.cloudfunctions.net/permanentlyPurgeStaff","satisfiesPzs":true,"createTime":"2026-08-15T16:48:11.361171823Z","satisfiesPzi":true},{"name":"projects/batchfee-477b8/locations/asia-south1/functions/deleteStudentAccount","buildConfig":{"build":"projects/632446580863/locations/asia-south1/builds/e28b7196-95bd-432d-8cfb-83ee4d04451f","runtime":"nodejs22","entryPoint":"deleteStudentAccount","source":{"storageSource":{"bucket":"gcf-v2-sources-632446580863-asia-south1","object":"deleteStudentAccount/function-source.zip","generation":"1786931482509415"}},"environmentVariables":{"GOOGLE_NODE_RUN_SCRIPTS":""},"dockerRepository":"projects/batchfee-477b8/locations/asia-south1/repositories/gcf-artifacts","sourceProvenance":{"resolvedStorageSource":{"bucket":"gcf-v2-sources-632446580863-asia-south1","object":"deleteStudentAccount/function-source.zip","generation":"1786931482509415"}},"dockerRegistry":"ARTIFACT_REGISTRY","serviceAccount":"projects/batchfee-477b8/serviceAccounts/632446580863-compute@developer.gserviceaccount.com","automaticUpdatePolicy":{}},"serviceConfig":{"service":"projects/batchfee-477b8/locations/asia-south1/services/deletestudentaccount","timeoutSeconds":30,"environmentVariables":{"FIREBASE_CONFIG":"{\"projectId\":\"batchfee-477b8\",\"storageBucket\":\"batchfee-477b8.firebasestorage.app\"}","GCLOUD_PROJECT":"batchfee-477b8","EVENTARC_CLOUD_EVENT_SOURCE":"projects/batchfee-477b8/locations/asia-south1/services/deleteStudentAccount","FUNCTION_REGION":"asia-south1","FUNCTION_TARGET":"deleteStudentAccount","LOG_EXECUTION_ID":"true","FUNCTION_SIGNATURE_TYPE":"http"},"maxInstanceCount":3,"ingressSettings":"ALLOW_ALL","uri":"https://deletestudentaccount-i3itvyqddq-el.a.run.app","serviceAccountEmail":"632446580863-compute@developer.gserviceaccount.com","availableMemory":"256Mi","allTrafficOnLatestRevision":true,"revision":"deletestudentaccount-00003-sam","maxInstanceRequestConcurrency":80,"availableCpu":"1"},"state":"ACTIVE","updateTime":"2026-08-17T01:51:33.230213640Z","labels":{"deployment-tool":"cli-firebase","deployment-callable":"true","firebase-functions-hash":"e6144ba00c64fedbdb75469407f13f715231ff14"},"environment":"GEN_2","url":"https://asia-south1-batchfee-477b8.cloudfunctions.net/deleteStudentAccount","satisfiesPzs":true,"createTime":"2026-08-14T09:31:29.575340546Z","satisfiesPzi":true},{"name":"projects/batchfee-477b8/locations/asia-south1/functions/commitSubscriptionOperation","buildConfig":{"build":"projects/632446580863/locations/asia-south1/builds/482b89e6-d5b1-4ef2-95c5-837998f04548","runtime":"nodejs22","entryPoint":"commitSubscriptionOperation","source":{"storageSource":{"bucket":"gcf-v2-sources-632446580863-asia-south1","object":"commitSubscriptionOperation/function-source.zip","generation":"1787414261619195"}},"environmentVariables":{"GOOGLE_NODE_RUN_SCRIPTS":""},"dockerRepository":"projects/batchfee-477b8/locations/asia-south1/repositories/gcf-artifacts","sourceProvenance":{"resolvedStorageSource":{"bucket":"gcf-v2-sources-632446580863-asia-south1","object":"commitSubscriptionOperation/function-source.zip","generation":"1787414261619195"}},"dockerRegistry":"ARTIFACT_REGISTRY","serviceAccount":"projects/batchfee-477b8/serviceAccounts/632446580863-compute@developer.gserviceaccount.com","automaticUpdatePolicy":{}},"serviceConfig":{"service":"projects/batchfee-477b8/locations/asia-south1/services/commitsubscriptionoperation","timeoutSeconds":60,"environmentVariables":{"FIREBASE_CONFIG":"{\"projectId\":\"batchfee-477b8\",\"storageBucket\":\"batchfee-477b8.firebasestorage.app\"}","GCLOUD_PROJECT":"batchfee-477b8","EVENTARC_CLOUD_EVENT_SOURCE":"projects/batchfee-477b8/locations/asia-south1/services/commitSubscriptionOperation","FUNCTION_REGION":"asia-south1","FUNCTION_TARGET":"commitSubscriptionOperation","LOG_EXECUTION_ID":"true","FUNCTION_SIGNATURE_TYPE":"http"},"maxInstanceCount":3,"ingressSettings":"ALLOW_ALL","uri":"https://commitsubscriptionoperation-i3itvyqddq-el.a.run.app","serviceAccountEmail":"632446580863-compute@developer.gserviceaccount.com","availableMemory":"256Mi","allTrafficOnLatestRevision":true,"revision":"commitsubscriptionoperation-00008-jup","maxInstanceRequestConcurrency":80,"availableCpu":"1"},"state":"ACTIVE","updateTime":"2026-08-22T15:58:27.043573025Z","labels":{"deployment-tool":"cli-firebase","deployment-callable":"true","firebase-functions-hash":"991672b2cd1c8a485acd3efd4ae38b20b46bbe07"},"environment":"GEN_2","url":"https://asia-south1-batchfee-477b8.cloudfunctions.net/commitSubscriptionOperation","satisfiesPzs":true,"createTime":"2026-08-14T09:31:29.098675917Z","satisfiesPzi":true},{"name":"projects/batchfee-477b8/locations/asia-south1/functions/recordStudentActivity","buildConfig":{"build":"projects/632446580863/locations/asia-south1/builds/96b1db6a-1d0d-4cdc-ba18-64144b7e44f5","runtime":"nodejs22","entryPoint":"recordStudentActivity","source":{"storageSource":{"bucket":"gcf-v2-sources-632446580863-asia-south1","object":"recordStudentActivity/function-source.zip","generation":"1787339242518710"}},"dockerRepository":"projects/batchfee-477b8/locations/asia-south1/repositories/gcf-artifacts","sourceProvenance":{"resolvedStorageSource":{"bucket":"gcf-v2-sources-632446580863-asia-south1","object":"recordStudentActivity/function-source.zip","generation":"1787339242518710"}},"dockerRegistry":"ARTIFACT_REGISTRY","serviceAccount":"projects/batchfee-477b8/serviceAccounts/632446580863-compute@developer.gserviceaccount.com","automaticUpdatePolicy":{}},"serviceConfig":{"service":"projects/batchfee-477b8/locations/asia-south1/services/recordstudentactivity","timeoutSeconds":30,"environmentVariables":{"LOG_EXECUTION_ID":"true"},"maxInstanceCount":3,"ingressSettings":"ALLOW_ALL","uri":"https://recordstudentactivity-i3itvyqddq-el.a.run.app","serviceAccountEmail":"632446580863-compute@developer.gserviceaccount.com","availableMemory":"256Mi","allTrafficOnLatestRevision":true,"revision":"recordstudentactivity-00001-dog","maxInstanceRequestConcurrency":1,"availableCpu":"0.1666"},"state":"ACTIVE","updateTime":"2026-08-21T19:08:10.285715671Z","labels":{"deployment-tool":"cli-gcloud"},"environment":"GEN_2","url":"https://asia-south1-batchfee-477b8.cloudfunctions.net/recordStudentActivity","satisfiesPzs":true,"createTime":"2026-08-21T19:07:23.352008799Z","satisfiesPzi":true},{"name":"projects/batchfee-477b8/locations/asia-south1/functions/getStudentAccountStatus","buildConfig":{"build":"projects/632446580863/locations/asia-south1/builds/e28b7196-95bd-432d-8cfb-83ee4d04451f","runtime":"nodejs22","entryPoint":"getStudentAccountStatus","source":{"storageSource":{"bucket":"gcf-v2-sources-632446580863-asia-south1","object":"getStudentAccountStatus/function-source.zip","generation":"1786931482907307"}},"environmentVariables":{"GOOGLE_NODE_RUN_SCRIPTS":""},"dockerRepository":"projects/batchfee-477b8/locations/asia-south1/repositories/gcf-artifacts","sourceProvenance":{"resolvedStorageSource":{"bucket":"gcf-v2-sources-632446580863-asia-south1","object":"getStudentAccountStatus/function-source.zip","generation":"1786931482907307"}},"dockerRegistry":"ARTIFACT_REGISTRY","serviceAccount":"projects/batchfee-477b8/serviceAccounts/632446580863-compute@developer.gserviceaccount.com","automaticUpdatePolicy":{}},"serviceConfig":{"service":"projects/batchfee-477b8/locations/asia-south1/services/getstudentaccountstatus","timeoutSeconds":30,"environmentVariables":{"FIREBASE_CONFIG":"{\"projectId\":\"batchfee-477b8\",\"storageBucket\":\"batchfee-477b8.firebasestorage.app\"}","GCLOUD_PROJECT":"batchfee-477b8","EVENTARC_CLOUD_EVENT_SOURCE":"projects/batchfee-477b8/locations/asia-south1/services/getStudentAccountStatus","FUNCTION_REGION":"asia-south1","FUNCTION_TARGET":"getStudentAccountStatus","LOG_EXECUTION_ID":"true","FUNCTION_SIGNATURE_TYPE":"http"},"maxInstanceCount":3,"ingressSettings":"ALLOW_ALL","uri":"https://getstudentaccountstatus-i3itvyqddq-el.a.run.app","serviceAccountEmail":"632446580863-compute@developer.gserviceaccount.com","availableMemory":"256Mi","allTrafficOnLatestRevision":true,"revision":"getstudentaccountstatus-00003-gix","maxInstanceRequestConcurrency":80,"availableCpu":"1"},"state":"ACTIVE","updateTime":"2026-08-17T01:51:32.348304459Z","labels":{"deployment-callable":"true","firebase-functions-hash":"e6144ba00c64fedbdb75469407f13f715231ff14","deployment-tool":"cli-firebase"},"environment":"GEN_2","url":"https://asia-south1-batchfee-477b8.cloudfunctions.net/getStudentAccountStatus","satisfiesPzs":true,"createTime":"2026-08-14T09:31:29.181109716Z","satisfiesPzi":true},{"name":"projects/batchfee-477b8/locations/asia-south1/functions/commitPlatformAdminOperation","buildConfig":{"build":"projects/632446580863/locations/asia-south1/builds/e28b7196-95bd-432d-8cfb-83ee4d04451f","runtime":"nodejs22","entryPoint":"commitPlatformAdminOperation","source":{"storageSource":{"bucket":"gcf-v2-sources-632446580863-asia-south1","object":"commitPlatformAdminOperation/function-source.zip","generation":"1786931483180341"}},"environmentVariables":{"GOOGLE_NODE_RUN_SCRIPTS":""},"dockerRepository":"projects/batchfee-477b8/locations/asia-south1/repositories/gcf-artifacts","sourceProvenance":{"resolvedStorageSource":{"bucket":"gcf-v2-sources-632446580863-asia-south1","object":"commitPlatformAdminOperation/function-source.zip","generation":"1786931483180341"}},"dockerRegistry":"ARTIFACT_REGISTRY","serviceAccount":"projects/batchfee-477b8/serviceAccounts/632446580863-compute@developer.gserviceaccount.com","automaticUpdatePolicy":{}},"serviceConfig":{"service":"projects/batchfee-477b8/locations/asia-south1/services/commitplatformadminoperation","timeoutSeconds":60,"environmentVariables":{"FIREBASE_CONFIG":"{\"projectId\":\"batchfee-477b8\",\"storageBucket\":\"batchfee-477b8.firebasestorage.app\"}","GCLOUD_PROJECT":"batchfee-477b8","EVENTARC_CLOUD_EVENT_SOURCE":"projects/batchfee-477b8/locations/asia-south1/services/commitPlatformAdminOperation","FUNCTION_REGION":"asia-south1","FUNCTION_TARGET":"commitPlatformAdminOperation","LOG_EXECUTION_ID":"true","FUNCTION_SIGNATURE_TYPE":"http"},"maxInstanceCount":3,"ingressSettings":"ALLOW_ALL","uri":"https://commitplatformadminoperation-i3itvyqddq-el.a.run.app","serviceAccountEmail":"632446580863-compute@developer.gserviceaccount.com","availableMemory":"256Mi","allTrafficOnLatestRevision":true,"revision":"commitplatformadminoperation-00004-fey","maxInstanceRequestConcurrency":80,"availableCpu":"1"},"state":"ACTIVE","updateTime":"2026-08-17T01:51:33.229817729Z","labels":{"deployment-tool":"cli-firebase","deployment-callable":"true","firebase-functions-hash":"e6144ba00c64fedbdb75469407f13f715231ff14"},"environment":"GEN_2","url":"https://asia-south1-batchfee-477b8.cloudfunctions.net/commitPlatformAdminOperation","satisfiesPzs":true,"createTime":"2026-08-14T09:31:28.899238867Z","satisfiesPzi":true},{"name":"projects/batchfee-477b8/locations/asia-south1/functions/submitPublicRegistration","buildConfig":{"build":"projects/632446580863/locations/asia-south1/builds/07fd7da9-ab0a-45ab-8122-8a0e85ccd4ec","runtime":"nodejs22","entryPoint":"submitPublicRegistration","source":{"storageSource":{"bucket":"gcf-v2-sources-632446580863-asia-south1","object":"submitPublicRegistration/function-source.zip","generation":"1788059431183490"}},"environmentVariables":{"GOOGLE_NODE_RUN_SCRIPTS":""},"dockerRepository":"projects/batchfee-477b8/locations/asia-south1/repositories/gcf-artifacts","sourceProvenance":{"resolvedStorageSource":{"bucket":"gcf-v2-sources-632446580863-asia-south1","object":"submitPublicRegistration/function-source.zip","generation":"1788059431183490"}},"dockerRegistry":"ARTIFACT_REGISTRY","serviceAccount":"projects/batchfee-477b8/serviceAccounts/632446580863-compute@developer.gserviceaccount.com","automaticUpdatePolicy":{}},"serviceConfig":{"service":"projects/batchfee-477b8/locations/asia-south1/services/submitpublicregistration","timeoutSeconds":30,"environmentVariables":{"FIREBASE_CONFIG":"{\"projectId\":\"batchfee-477b8\",\"storageBucket\":\"batchfee-477b8.firebasestorage.app\"}","GCLOUD_PROJECT":"batchfee-477b8","EVENTARC_CLOUD_EVENT_SOURCE":"projects/batchfee-477b8/locations/asia-south1/services/submitPublicRegistration","FUNCTION_REGION":"asia-south1","FUNCTION_TARGET":"submitPublicRegistration","LOG_EXECUTION_ID":"true","FUNCTION_SIGNATURE_TYPE":"http"},"maxInstanceCount":3,"ingressSettings":"ALLOW_ALL","uri":"https://submitpublicregistration-i3itvyqddq-el.a.run.app","serviceAccountEmail":"632446580863-compute@developer.gserviceaccount.com","availableMemory":"256Mi","allTrafficOnLatestRevision":true,"secretEnvironmentVariables":[{"key":"REGISTRATION_RATE_LIMIT_SECRET","projectId":"batchfee-477b8","secret":"REGISTRATION_RATE_LIMIT_SECRET","version":"2"}],"revision":"submitpublicregistration-00007-hit","maxInstanceRequestConcurrency":80,"availableCpu":"1"},"state":"ACTIVE","updateTime":"2026-08-30T03:10:40.820461822Z","labels":{"firebase-functions-hash":"832f326df85fc28c84b464b02cb13d4990c0c0be","deployment-tool":"cli-firebase"},"environment":"GEN_2","url":"https://asia-south1-batchfee-477b8.cloudfunctions.net/submitPublicRegistration","satisfiesPzs":true,"createTime":"2026-08-14T09:31:29.196320611Z","satisfiesPzi":true},{"name":"projects/batchfee-477b8/locations/asia-south1/functions/provisionStudentAccount","buildConfig":{"build":"projects/632446580863/locations/asia-south1/builds/e28b7196-95bd-432d-8cfb-83ee4d04451f","runtime":"nodejs22","entryPoint":"provisionStudentAccount","source":{"storageSource":{"bucket":"gcf-v2-sources-632446580863-asia-south1","object":"provisionStudentAccount/function-source.zip","generation":"1786931429865442"}},"environmentVariables":{"GOOGLE_NODE_RUN_SCRIPTS":""},"dockerRepository":"projects/batchfee-477b8/locations/asia-south1/repositories/gcf-artifacts","sourceProvenance":{"resolvedStorageSource":{"bucket":"gcf-v2-sources-632446580863-asia-south1","object":"provisionStudentAccount/function-source.zip","generation":"1786931429865442"}},"dockerRegistry":"ARTIFACT_REGISTRY","serviceAccount":"projects/batchfee-477b8/serviceAccounts/632446580863-compute@developer.gserviceaccount.com","automaticUpdatePolicy":{}},"serviceConfig":{"service":"projects/batchfee-477b8/locations/asia-south1/services/provisionstudentaccount","timeoutSeconds":30,"environmentVariables":{"FIREBASE_CONFIG":"{\"projectId\":\"batchfee-477b8\",\"storageBucket\":\"batchfee-477b8.firebasestorage.app\"}","GCLOUD_PROJECT":"batchfee-477b8","EVENTARC_CLOUD_EVENT_SOURCE":"projects/batchfee-477b8/locations/asia-south1/services/provisionStudentAccount","FUNCTION_REGION":"asia-south1","FUNCTION_TARGET":"provisionStudentAccount","LOG_EXECUTION_ID":"true"},"maxInstanceCount":3,"ingressSettings":"ALLOW_ALL","uri":"https://provisionstudentaccount-i3itvyqddq-el.a.run.app","serviceAccountEmail":"632446580863-compute@developer.gserviceaccount.com","availableMemory":"256Mi","allTrafficOnLatestRevision":true,"revision":"provisionstudentaccount-00003-huz","maxInstanceRequestConcurrency":80,"availableCpu":"1"},"state":"ACTIVE","updateTime":"2026-08-17T01:51:24.586327870Z","labels":{"deployment-tool":"cli-firebase","deployment-callable":"true","firebase-functions-hash":"e6144ba00c64fedbdb75469407f13f715231ff14"},"environment":"GEN_2","url":"https://asia-south1-batchfee-477b8.cloudfunctions.net/provisionStudentAccount","satisfiesPzs":true,"createTime":"2026-08-14T09:30:16.357272392Z","satisfiesPzi":true},{"name":"projects/batchfee-477b8/locations/asia-south1/functions/getStudentActivity","buildConfig":{"build":"projects/632446580863/locations/asia-south1/builds/0181aaad-66e6-4a50-92ab-0b3a858e90a9","runtime":"nodejs22","entryPoint":"getStudentActivity","source":{"storageSource":{"bucket":"gcf-v2-sources-632446580863-asia-south1","object":"getStudentActivity/function-source.zip","generation":"1787339931876867"}},"dockerRepository":"projects/batchfee-477b8/locations/asia-south1/repositories/gcf-artifacts","sourceProvenance":{"resolvedStorageSource":{"bucket":"gcf-v2-sources-632446580863-asia-south1","object":"getStudentActivity/function-source.zip","generation":"1787339931876867"}},"dockerRegistry":"ARTIFACT_REGISTRY","serviceAccount":"projects/batchfee-477b8/serviceAccounts/632446580863-compute@developer.gserviceaccount.com","automaticUpdatePolicy":{}},"serviceConfig":{"service":"projects/batchfee-477b8/locations/asia-south1/services/getstudentactivity","timeoutSeconds":30,"environmentVariables":{"LOG_EXECUTION_ID":"true"},"maxInstanceCount":3,"ingressSettings":"ALLOW_ALL","uri":"https://getstudentactivity-i3itvyqddq-el.a.run.app","serviceAccountEmail":"632446580863-compute@developer.gserviceaccount.com","availableMemory":"256Mi","allTrafficOnLatestRevision":true,"revision":"getstudentactivity-00001-qav","maxInstanceRequestConcurrency":1,"availableCpu":"0.1666"},"state":"ACTIVE","updateTime":"2026-08-21T19:19:47.291867104Z","labels":{"deployment-tool":"cli-gcloud"},"environment":"GEN_2","url":"https://asia-south1-batchfee-477b8.cloudfunctions.net/getStudentActivity","satisfiesPzs":true,"createTime":"2026-08-21T19:18:52.606321654Z","satisfiesPzi":true},{"name":"projects/batchfee-477b8/locations/asia-south1/functions/disableStudentAccount","buildConfig":{"build":"projects/632446580863/locations/asia-south1/builds/e28b7196-95bd-432d-8cfb-83ee4d04451f","runtime":"nodejs22","entryPoint":"disableStudentAccount","source":{"storageSource":{"bucket":"gcf-v2-sources-632446580863-asia-south1","object":"disableStudentAccount/function-source.zip","generation":"1786931481403132"}},"environmentVariables":{"GOOGLE_NODE_RUN_SCRIPTS":""},"dockerRepository":"projects/batchfee-477b8/locations/asia-south1/repositories/gcf-artifacts","sourceProvenance":{"resolvedStorageSource":{"bucket":"gcf-v2-sources-632446580863-asia-south1","object":"disableStudentAccount/function-source.zip","generation":"1786931481403132"}},"dockerRegistry":"ARTIFACT_REGISTRY","serviceAccount":"projects/batchfee-477b8/serviceAccounts/632446580863-compute@developer.gserviceaccount.com","automaticUpdatePolicy":{}},"serviceConfig":{"service":"projects/batchfee-477b8/locations/asia-south1/services/disablestudentaccount","timeoutSeconds":30,"environmentVariables":{"FIREBASE_CONFIG":"{\"projectId\":\"batchfee-477b8\",\"storageBucket\":\"batchfee-477b8.firebasestorage.app\"}","GCLOUD_PROJECT":"batchfee-477b8","EVENTARC_CLOUD_EVENT_SOURCE":"projects/batchfee-477b8/locations/asia-south1/services/disableStudentAccount","FUNCTION_REGION":"asia-south1","FUNCTION_TARGET":"disableStudentAccount","LOG_EXECUTION_ID":"true","FUNCTION_SIGNATURE_TYPE":"http"},"maxInstanceCount":3,"ingressSettings":"ALLOW_ALL","uri":"https://disablestudentaccount-i3itvyqddq-el.a.run.app","serviceAccountEmail":"632446580863-compute@developer.gserviceaccount.com","availableMemory":"256Mi","allTrafficOnLatestRevision":true,"revision":"disablestudentaccount-00003-ray","maxInstanceRequestConcurrency":80,"availableCpu":"1"},"state":"ACTIVE","updateTime":"2026-08-17T01:51:30.290097702Z","labels":{"deployment-tool":"cli-firebase","deployment-callable":"true","firebase-functions-hash":"e6144ba00c64fedbdb75469407f13f715231ff14"},"environment":"GEN_2","url":"https://asia-south1-batchfee-477b8.cloudfunctions.net/disableStudentAccount","satisfiesPzs":true,"createTime":"2026-08-14T09:31:29.507702797Z","satisfiesPzi":true},{"name":"projects/batchfee-477b8/locations/asia-south1/functions/createEntitledBatch","buildConfig":{"build":"projects/632446580863/locations/asia-south1/builds/6da55774-bec2-4897-aff8-5e47791efde1","runtime":"nodejs22","entryPoint":"createEntitledBatch","source":{"storageSource":{"bucket":"gcf-v2-sources-632446580863-asia-south1","object":"createEntitledBatch/function-source.zip","generation":"1788287975222461"}},"environmentVariables":{"GOOGLE_NODE_RUN_SCRIPTS":""},"dockerRepository":"projects/batchfee-477b8/locations/asia-south1/repositories/gcf-artifacts","sourceProvenance":{"resolvedStorageSource":{"bucket":"gcf-v2-sources-632446580863-asia-south1","object":"createEntitledBatch/function-source.zip","generation":"1788287975222461"}},"dockerRegistry":"ARTIFACT_REGISTRY","serviceAccount":"projects/batchfee-477b8/serviceAccounts/632446580863-compute@developer.gserviceaccount.com","automaticUpdatePolicy":{}},"serviceConfig":{"service":"projects/batchfee-477b8/locations/asia-south1/services/createentitledbatch","timeoutSeconds":60,"environmentVariables":{"FIREBASE_CONFIG":"{\"projectId\":\"batchfee-477b8\",\"storageBucket\":\"batchfee-477b8.firebasestorage.app\"}","GCLOUD_PROJECT":"batchfee-477b8","EVENTARC_CLOUD_EVENT_SOURCE":"projects/batchfee-477b8/locations/asia-south1/services/createEntitledBatch","FUNCTION_REGION":"asia-south1","FUNCTION_TARGET":"createEntitledBatch","LOG_EXECUTION_ID":"true","FUNCTION_SIGNATURE_TYPE":"http"},"maxInstanceCount":3,"ingressSettings":"ALLOW_ALL","uri":"https://createentitledbatch-i3itvyqddq-el.a.run.app","serviceAccountEmail":"632446580863-compute@developer.gserviceaccount.com","availableMemory":"256Mi","allTrafficOnLatestRevision":true,"revision":"createentitledbatch-00005-yaf","maxInstanceRequestConcurrency":80,"availableCpu":"1"},"state":"ACTIVE","updateTime":"2026-09-01T18:40:25.370459235Z","labels":{"firebase-functions-hash":"3622ca7c8e5451393bf719afeb81dc65aea85bbf","deployment-tool":"cli-firebase","deployment-callable":"true"},"environment":"GEN_2","url":"https://asia-south1-batchfee-477b8.cloudfunctions.net/createEntitledBatch","satisfiesPzs":true,"createTime":"2026-08-14T09:31:29.575689696Z","satisfiesPzi":true},{"name":"projects/batchfee-477b8/locations/asia-south1/functions/getInstituteOwnerLoginActivity","buildConfig":{"build":"projects/632446580863/locations/asia-south1/builds/30c5186e-fe33-42b2-8bbb-6dec7085b215","runtime":"nodejs22","entryPoint":"getInstituteOwnerLoginActivity","source":{"storageSource":{"bucket":"gcf-v2-sources-632446580863-asia-south1","object":"getInstituteOwnerLoginActivity/function-source.zip","generation":"1787368582162974"}},"environmentVariables":{"GOOGLE_NODE_RUN_SCRIPTS":""},"dockerRepository":"projects/batchfee-477b8/locations/asia-south1/repositories/gcf-artifacts","sourceProvenance":{"resolvedStorageSource":{"bucket":"gcf-v2-sources-632446580863-asia-south1","object":"getInstituteOwnerLoginActivity/function-source.zip","generation":"1787368582162974"}},"dockerRegistry":"ARTIFACT_REGISTRY","serviceAccount":"projects/batchfee-477b8/serviceAccounts/632446580863-compute@developer.gserviceaccount.com","automaticUpdatePolicy":{}},"serviceConfig":{"service":"projects/batchfee-477b8/locations/asia-south1/services/getinstituteownerloginactivity","timeoutSeconds":30,"environmentVariables":{"FIREBASE_CONFIG":"{\"projectId\":\"batchfee-477b8\",\"storageBucket\":\"batchfee-477b8.firebasestorage.app\"}","GCLOUD_PROJECT":"batchfee-477b8","EVENTARC_CLOUD_EVENT_SOURCE":"projects/batchfee-477b8/locations/asia-south1/services/getInstituteOwnerLoginActivity","FUNCTION_REGION":"asia-south1","FUNCTION_TARGET":"getInstituteOwnerLoginActivity","LOG_EXECUTION_ID":"true","FUNCTION_SIGNATURE_TYPE":"http"},"ingressSettings":"ALLOW_ALL","uri":"https://getinstituteownerloginactivity-i3itvyqddq-el.a.run.app","serviceAccountEmail":"632446580863-compute@developer.gserviceaccount.com","availableMemory":"256Mi","allTrafficOnLatestRevision":true,"revision":"getinstituteownerloginactivity-00001-pev","maxInstanceRequestConcurrency":80,"availableCpu":"1"},"state":"ACTIVE","updateTime":"2026-08-22T03:16:32.065742533Z","labels":{"deployment-callable":"true","firebase-functions-hash":"b063da973019a4f10073cbcf254cec217189ec7a","deployment-tool":"cli-firebase"},"environment":"GEN_2","url":"https://asia-south1-batchfee-477b8.cloudfunctions.net/getInstituteOwnerLoginActivity","satisfiesPzs":true,"createTime":"2026-08-22T03:16:22.837737832Z","satisfiesPzi":true},{"name":"projects/batchfee-477b8/locations/asia-south1/functions/permanentlyPurgeBatch","buildConfig":{"build":"projects/632446580863/locations/asia-south1/builds/9133e297-0999-4c56-b905-6f9ba9be9fb5","runtime":"nodejs22","entryPoint":"permanentlyPurgeBatch","source":{"storageSource":{"bucket":"gcf-v2-sources-632446580863-asia-south1","object":"permanentlyPurgeBatch/function-source.zip","generation":"1786931471629861"}},"environmentVariables":{"GOOGLE_NODE_RUN_SCRIPTS":""},"dockerRepository":"projects/batchfee-477b8/locations/asia-south1/repositories/gcf-artifacts","sourceProvenance":{"resolvedStorageSource":{"bucket":"gcf-v2-sources-632446580863-asia-south1","object":"permanentlyPurgeBatch/function-source.zip","generation":"1786931471629861"}},"dockerRegistry":"ARTIFACT_REGISTRY","serviceAccount":"projects/batchfee-477b8/serviceAccounts/632446580863-compute@developer.gserviceaccount.com","automaticUpdatePolicy":{}},"serviceConfig":{"service":"projects/batchfee-477b8/locations/asia-south1/services/permanentlypurgebatch","timeoutSeconds":120,"environmentVariables":{"FIREBASE_CONFIG":"{\"projectId\":\"batchfee-477b8\",\"storageBucket\":\"batchfee-477b8.firebasestorage.app\"}","GCLOUD_PROJECT":"batchfee-477b8","EVENTARC_CLOUD_EVENT_SOURCE":"projects/batchfee-477b8/locations/asia-south1/services/permanentlyPurgeBatch","FUNCTION_REGION":"asia-south1","FUNCTION_TARGET":"permanentlyPurgeBatch","LOG_EXECUTION_ID":"true","FUNCTION_SIGNATURE_TYPE":"http"},"maxInstanceCount":3,"ingressSettings":"ALLOW_ALL","uri":"https://permanentlypurgebatch-i3itvyqddq-el.a.run.app","serviceAccountEmail":"632446580863-compute@developer.gserviceaccount.com","availableMemory":"512Mi","allTrafficOnLatestRevision":true,"revision":"permanentlypurgebatch-00004-dam","maxInstanceRequestConcurrency":80,"availableCpu":"1"},"state":"ACTIVE","updateTime":"2026-08-17T01:51:19.402131438Z","labels":{"deployment-tool":"cli-firebase","deployment-callable":"true","firebase-functions-hash":"e6144ba00c64fedbdb75469407f13f715231ff14"},"environment":"GEN_2","url":"https://asia-south1-batchfee-477b8.cloudfunctions.net/permanentlyPurgeBatch","satisfiesPzs":true,"createTime":"2026-08-15T16:47:19.211163787Z","satisfiesPzi":true},{"name":"projects/batchfee-477b8/locations/asia-south1/functions/updateStudentProfile","buildConfig":{"build":"projects/632446580863/locations/asia-south1/builds/eff35a95-5ebf-450a-a726-24e321d73745","runtime":"nodejs22","entryPoint":"updateStudentProfile","source":{"storageSource":{"bucket":"gcf-v2-sources-632446580863-asia-south1","object":"updateStudentProfile/function-source.zip","generation":"1788231687999022"}},"environmentVariables":{"GOOGLE_NODE_RUN_SCRIPTS":""},"dockerRepository":"projects/batchfee-477b8/locations/asia-south1/repositories/gcf-artifacts","sourceProvenance":{"resolvedStorageSource":{"bucket":"gcf-v2-sources-632446580863-asia-south1","object":"updateStudentProfile/function-source.zip","generation":"1788231687999022"}},"dockerRegistry":"ARTIFACT_REGISTRY","serviceAccount":"projects/batchfee-477b8/serviceAccounts/632446580863-compute@developer.gserviceaccount.com","automaticUpdatePolicy":{}},"serviceConfig":{"service":"projects/batchfee-477b8/locations/asia-south1/services/updatestudentprofile","timeoutSeconds":30,"environmentVariables":{"FIREBASE_CONFIG":"{\"projectId\":\"batchfee-477b8\",\"storageBucket\":\"batchfee-477b8.firebasestorage.app\"}","GCLOUD_PROJECT":"batchfee-477b8","EVENTARC_CLOUD_EVENT_SOURCE":"projects/batchfee-477b8/locations/asia-south1/services/updateStudentProfile","FUNCTION_REGION":"asia-south1","FUNCTION_TARGET":"updateStudentProfile","LOG_EXECUTION_ID":"true","FUNCTION_SIGNATURE_TYPE":"http"},"maxInstanceCount":3,"ingressSettings":"ALLOW_ALL","uri":"https://updatestudentprofile-i3itvyqddq-el.a.run.app","serviceAccountEmail":"632446580863-compute@developer.gserviceaccount.com","availableMemory":"256Mi","allTrafficOnLatestRevision":true,"revision":"updatestudentprofile-00003-qes","maxInstanceRequestConcurrency":80,"availableCpu":"1"},"state":"ACTIVE","updateTime":"2026-09-01T03:02:22.279890196Z","labels":{"deployment-tool":"cli-firebase","deployment-callable":"true","firebase-functions-hash":"a7b8d04142384e1e6d0c4d7d3a3e4b44cd8c8b5a"},"environment":"GEN_2","url":"https://asia-south1-batchfee-477b8.cloudfunctions.net/updateStudentProfile","satisfiesPzs":true,"createTime":"2026-08-14T21:27:52.598187467Z","satisfiesPzi":true},{"name":"projects/batchfee-477b8/locations/asia-south1/functions/createEntitledStaff","buildConfig":{"build":"projects/632446580863/locations/asia-south1/builds/8505c5b9-4736-4b6d-bdbd-ffde98935671","runtime":"nodejs22","entryPoint":"createEntitledStaff","source":{"storageSource":{"bucket":"gcf-v2-sources-632446580863-asia-south1","object":"createEntitledStaff/function-source.zip","generation":"1787344733719725"}},"environmentVariables":{"GOOGLE_NODE_RUN_SCRIPTS":""},"dockerRepository":"projects/batchfee-477b8/locations/asia-south1/repositories/gcf-artifacts","sourceProvenance":{"resolvedStorageSource":{"bucket":"gcf-v2-sources-632446580863-asia-south1","object":"createEntitledStaff/function-source.zip","generation":"1787344733719725"}},"dockerRegistry":"ARTIFACT_REGISTRY","serviceAccount":"projects/batchfee-477b8/serviceAccounts/632446580863-compute@developer.gserviceaccount.com","automaticUpdatePolicy":{}},"serviceConfig":{"service":"projects/batchfee-477b8/locations/asia-south1/services/createentitledstaff","timeoutSeconds":60,"environmentVariables":{"FIREBASE_CONFIG":"{\"projectId\":\"batchfee-477b8\",\"storageBucket\":\"batchfee-477b8.firebasestorage.app\"}","GCLOUD_PROJECT":"batchfee-477b8","EVENTARC_CLOUD_EVENT_SOURCE":"projects/batchfee-477b8/locations/asia-south1/services/createEntitledStaff","FUNCTION_REGION":"asia-south1","FUNCTION_TARGET":"createEntitledStaff","LOG_EXECUTION_ID":"true","FUNCTION_SIGNATURE_TYPE":"http"},"maxInstanceCount":3,"ingressSettings":"ALLOW_ALL","uri":"https://createentitledstaff-i3itvyqddq-el.a.run.app","serviceAccountEmail":"632446580863-compute@developer.gserviceaccount.com","availableMemory":"256Mi","allTrafficOnLatestRevision":true,"revision":"createentitledstaff-00003-roq","maxInstanceRequestConcurrency":80,"availableCpu":"1"},"state":"ACTIVE","updateTime":"2026-08-21T20:39:04.785816745Z","labels":{"deployment-callable":"true","firebase-functions-hash":"a0caf56440b9cb2436137d81858b02d834f0c537","deployment-tool":"cli-firebase"},"environment":"GEN_2","url":"https://asia-south1-batchfee-477b8.cloudfunctions.net/createEntitledStaff","satisfiesPzs":true,"createTime":"2026-08-14T09:31:29.586447715Z","satisfiesPzi":true},{"name":"projects/batchfee-477b8/locations/asia-south1/functions/permanentlyPurgeInstitute","buildConfig":{"build":"projects/632446580863/locations/asia-south1/builds/8aad4cfc-eb0e-4cff-a328-e38de46cca13","runtime":"nodejs22","entryPoint":"permanentlyPurgeInstitute","source":{"storageSource":{"bucket":"gcf-v2-sources-632446580863-asia-south1","object":"permanentlyPurgeInstitute/function-source.zip","generation":"1787573694811522"}},"environmentVariables":{"GOOGLE_NODE_RUN_SCRIPTS":""},"dockerRepository":"projects/batchfee-477b8/locations/asia-south1/repositories/gcf-artifacts","sourceProvenance":{"resolvedStorageSource":{"bucket":"gcf-v2-sources-632446580863-asia-south1","object":"permanentlyPurgeInstitute/function-source.zip","generation":"1787573694811522"}},"dockerRegistry":"ARTIFACT_REGISTRY","serviceAccount":"projects/batchfee-477b8/serviceAccounts/632446580863-compute@developer.gserviceaccount.com","automaticUpdatePolicy":{}},"serviceConfig":{"service":"projects/batchfee-477b8/locations/asia-south1/services/permanentlypurgeinstitute","timeoutSeconds":540,"environmentVariables":{"FIREBASE_CONFIG":"{\"projectId\":\"batchfee-477b8\",\"storageBucket\":\"batchfee-477b8.firebasestorage.app\"}","GCLOUD_PROJECT":"batchfee-477b8","EVENTARC_CLOUD_EVENT_SOURCE":"projects/batchfee-477b8/locations/asia-south1/services/permanentlyPurgeInstitute","FUNCTION_REGION":"asia-south1","FUNCTION_TARGET":"permanentlyPurgeInstitute","LOG_EXECUTION_ID":"true"},"maxInstanceCount":3,"ingressSettings":"ALLOW_ALL","uri":"https://permanentlypurgeinstitute-i3itvyqddq-el.a.run.app","serviceAccountEmail":"632446580863-compute@developer.gserviceaccount.com","availableMemory":"1024Mi","allTrafficOnLatestRevision":true,"revision":"permanentlypurgeinstitute-00002-teb","maxInstanceRequestConcurrency":80,"availableCpu":"1"},"state":"ACTIVE","updateTime":"2026-08-24T12:15:49.363198458Z","labels":{"firebase-functions-hash":"dd1ca962d32b76547b236d9f97008738496a30d8","deployment-tool":"cli-firebase","deployment-callable":"true"},"environment":"GEN_2","url":"https://asia-south1-batchfee-477b8.cloudfunctions.net/permanentlyPurgeInstitute","satisfiesPzs":true,"createTime":"2026-08-21T23:21:19.070640448Z","satisfiesPzi":true},{"name":"projects/batchfee-477b8/locations/asia-south1/functions/repairSubscriptionEntitlements","buildConfig":{"build":"projects/632446580863/locations/asia-south1/builds/e28b7196-95bd-432d-8cfb-83ee4d04451f","runtime":"nodejs22","entryPoint":"repairSubscriptionEntitlements","source":{"storageSource":{"bucket":"gcf-v2-sources-632446580863-asia-south1","object":"repairSubscriptionEntitlements/function-source.zip","generation":"1786931483188102"}},"environmentVariables":{"GOOGLE_NODE_RUN_SCRIPTS":""},"dockerRepository":"projects/batchfee-477b8/locations/asia-south1/repositories/gcf-artifacts","serviceAccount":"projects/batchfee-477b8/serviceAccounts/632446580863-compute@developer.gserviceaccount.com","automaticUpdatePolicy":{}},"serviceConfig":{"service":"projects/batchfee-477b8/locations/asia-south1/services/repairsubscriptionentitlements","timeoutSeconds":540,"environmentVariables":{"FIREBASE_CONFIG":"{\"projectId\":\"batchfee-477b8\",\"storageBucket\":\"batchfee-477b8.firebasestorage.app\"}","GCLOUD_PROJECT":"batchfee-477b8","EVENTARC_CLOUD_EVENT_SOURCE":"projects/batchfee-477b8/locations/asia-south1/services/repairSubscriptionEntitlements","FUNCTION_REGION":"asia-south1","FUNCTION_TARGET":"repairSubscriptionEntitlements","LOG_EXECUTION_ID":"true","FUNCTION_SIGNATURE_TYPE":"http"},"maxInstanceCount":3,"ingressSettings":"ALLOW_ALL","uri":"https://repairsubscriptionentitlements-i3itvyqddq-el.a.run.app","serviceAccountEmail":"632446580863-compute@developer.gserviceaccount.com","availableMemory":"256Mi","allTrafficOnLatestRevision":true,"revision":"repairsubscriptionentitlements-00003-dez","maxInstanceRequestConcurrency":80,"availableCpu":"1"},"state":"ACTIVE","updateTime":"2026-08-17T01:51:28.528474543Z","labels":{"deployment-callable":"true","firebase-functions-hash":"e6144ba00c64fedbdb75469407f13f715231ff14","deployment-tool":"cli-firebase"},"environment":"GEN_2","url":"https://asia-south1-batchfee-477b8.cloudfunctions.net/repairSubscriptionEntitlements","satisfiesPzs":true,"createTime":"2026-08-14T09:31:29.194949926Z","satisfiesPzi":true},{"name":"projects/batchfee-477b8/locations/asia-south1/functions/loginStudent","buildConfig":{"build":"projects/632446580863/locations/asia-south1/builds/e28b7196-95bd-432d-8cfb-83ee4d04451f","runtime":"nodejs22","entryPoint":"loginStudent","source":{"storageSource":{"bucket":"gcf-v2-sources-632446580863-asia-south1","object":"loginStudent/function-source.zip","generation":"1786931482505624"}},"environmentVariables":{"GOOGLE_NODE_RUN_SCRIPTS":""},"dockerRepository":"projects/batchfee-477b8/locations/asia-south1/repositories/gcf-artifacts","sourceProvenance":{"resolvedStorageSource":{"bucket":"gcf-v2-sources-632446580863-asia-south1","object":"loginStudent/function-source.zip","generation":"1786931482505624"}},"dockerRegistry":"ARTIFACT_REGISTRY","serviceAccount":"projects/batchfee-477b8/serviceAccounts/632446580863-compute@developer.gserviceaccount.com","automaticUpdatePolicy":{}},"serviceConfig":{"service":"projects/batchfee-477b8/locations/asia-south1/services/loginstudent","timeoutSeconds":30,"environmentVariables":{"FIREBASE_CONFIG":"{\"projectId\":\"batchfee-477b8\",\"storageBucket\":\"batchfee-477b8.firebasestorage.app\"}","GCLOUD_PROJECT":"batchfee-477b8","EVENTARC_CLOUD_EVENT_SOURCE":"projects/batchfee-477b8/locations/asia-south1/services/loginStudent","FUNCTION_REGION":"asia-south1","FUNCTION_TARGET":"loginStudent","LOG_EXECUTION_ID":"true","FUNCTION_SIGNATURE_TYPE":"http"},"maxInstanceCount":3,"ingressSettings":"ALLOW_ALL","uri":"https://loginstudent-i3itvyqddq-el.a.run.app","serviceAccountEmail":"632446580863-compute@developer.gserviceaccount.com","availableMemory":"256Mi","allTrafficOnLatestRevision":true,"revision":"loginstudent-00002-jux","maxInstanceRequestConcurrency":80,"availableCpu":"1"},"state":"ACTIVE","updateTime":"2026-08-17T01:51:33.008302426Z","labels":{"deployment-tool":"cli-firebase","deployment-callable":"true","firebase-functions-hash":"e6144ba00c64fedbdb75469407f13f715231ff14"},"environment":"GEN_2","url":"https://asia-south1-batchfee-477b8.cloudfunctions.net/loginStudent","satisfiesPzs":true,"createTime":"2026-08-14T09:31:29.327834366Z","satisfiesPzi":true},{"name":"projects/batchfee-477b8/locations/asia-south1/functions/uploadSecureMedia","buildConfig":{"build":"projects/632446580863/locations/asia-south1/builds/9133e297-0999-4c56-b905-6f9ba9be9fb5","runtime":"nodejs22","entryPoint":"uploadSecureMedia","source":{"storageSource":{"bucket":"gcf-v2-sources-632446580863-asia-south1","object":"uploadSecureMedia/function-source.zip","generation":"1786931472537607"}},"environmentVariables":{"GOOGLE_NODE_RUN_SCRIPTS":""},"dockerRepository":"projects/batchfee-477b8/locations/asia-south1/repositories/gcf-artifacts","sourceProvenance":{"resolvedStorageSource":{"bucket":"gcf-v2-sources-632446580863-asia-south1","object":"uploadSecureMedia/function-source.zip","generation":"1786931472537607"}},"dockerRegistry":"ARTIFACT_REGISTRY","serviceAccount":"projects/batchfee-477b8/serviceAccounts/632446580863-compute@developer.gserviceaccount.com","automaticUpdatePolicy":{}},"serviceConfig":{"service":"projects/batchfee-477b8/locations/asia-south1/services/uploadsecuremedia","timeoutSeconds":60,"environmentVariables":{"FIREBASE_CONFIG":"{\"projectId\":\"batchfee-477b8\",\"storageBucket\":\"batchfee-477b8.firebasestorage.app\"}","GCLOUD_PROJECT":"batchfee-477b8","EVENTARC_CLOUD_EVENT_SOURCE":"projects/batchfee-477b8/locations/asia-south1/services/uploadSecureMedia","FUNCTION_REGION":"asia-south1","FUNCTION_TARGET":"uploadSecureMedia","LOG_EXECUTION_ID":"true","FUNCTION_SIGNATURE_TYPE":"http"},"maxInstanceCount":3,"ingressSettings":"ALLOW_ALL","uri":"https://uploadsecuremedia-i3itvyqddq-el.a.run.app","serviceAccountEmail":"632446580863-compute@developer.gserviceaccount.com","availableMemory":"512Mi","allTrafficOnLatestRevision":true,"revision":"uploadsecuremedia-00003-lij","maxInstanceRequestConcurrency":80,"availableCpu":"1"},"state":"ACTIVE","updateTime":"2026-08-17T01:51:23.056042902Z","labels":{"deployment-callable":"true","firebase-functions-hash":"e6144ba00c64fedbdb75469407f13f715231ff14","deployment-tool":"cli-firebase"},"environment":"GEN_2","url":"https://asia-south1-batchfee-477b8.cloudfunctions.net/uploadSecureMedia","satisfiesPzs":true,"createTime":"2026-08-14T09:30:58.026375684Z","satisfiesPzi":true},{"name":"projects/batchfee-477b8/locations/asia-south1/functions/commitSafeDeletion","buildConfig":{"build":"projects/632446580863/locations/asia-south1/builds/e0e06b64-ff24-42a0-a076-58cf610d5579","runtime":"nodejs22","entryPoint":"commitSafeDeletion","source":{"storageSource":{"bucket":"gcf-v2-sources-632446580863-asia-south1","object":"commitSafeDeletion/function-source.zip","generation":"1787573695232361"}},"environmentVariables":{"GOOGLE_NODE_RUN_SCRIPTS":""},"dockerRepository":"projects/batchfee-477b8/locations/asia-south1/repositories/gcf-artifacts","sourceProvenance":{"resolvedStorageSource":{"bucket":"gcf-v2-sources-632446580863-asia-south1","object":"commitSafeDeletion/function-source.zip","generation":"1787573695232361"}},"dockerRegistry":"ARTIFACT_REGISTRY","serviceAccount":"projects/batchfee-477b8/serviceAccounts/632446580863-compute@developer.gserviceaccount.com","automaticUpdatePolicy":{}},"serviceConfig":{"service":"projects/batchfee-477b8/locations/asia-south1/services/commitsafedeletion","timeoutSeconds":60,"environmentVariables":{"FIREBASE_CONFIG":"{\"projectId\":\"batchfee-477b8\",\"storageBucket\":\"batchfee-477b8.firebasestorage.app\"}","GCLOUD_PROJECT":"batchfee-477b8","EVENTARC_CLOUD_EVENT_SOURCE":"projects/batchfee-477b8/locations/asia-south1/services/commitSafeDeletion","FUNCTION_REGION":"asia-south1","FUNCTION_TARGET":"commitSafeDeletion","LOG_EXECUTION_ID":"true","FUNCTION_SIGNATURE_TYPE":"http"},"maxInstanceCount":3,"ingressSettings":"ALLOW_ALL","uri":"https://commitsafedeletion-i3itvyqddq-el.a.run.app","serviceAccountEmail":"632446580863-compute@developer.gserviceaccount.com","availableMemory":"256Mi","allTrafficOnLatestRevision":true,"revision":"commitsafedeletion-00004-doh","maxInstanceRequestConcurrency":80,"availableCpu":"1"},"state":"ACTIVE","updateTime":"2026-08-24T12:15:55.053351005Z","labels":{"deployment-callable":"true","firebase-functions-hash":"dd1ca962d32b76547b236d9f97008738496a30d8","deployment-tool":"cli-firebase"},"environment":"GEN_2","url":"https://asia-south1-batchfee-477b8.cloudfunctions.net/commitSafeDeletion","satisfiesPzs":true,"createTime":"2026-08-14T09:31:29.566323699Z","satisfiesPzi":true},{"name":"projects/batchfee-477b8/locations/asia-south1/functions/createEntitledStudent","buildConfig":{"build":"projects/632446580863/locations/asia-south1/builds/07fd7da9-ab0a-45ab-8122-8a0e85ccd4ec","runtime":"nodejs22","entryPoint":"createEntitledStudent","source":{"storageSource":{"bucket":"gcf-v2-sources-632446580863-asia-south1","object":"createEntitledStudent/function-source.zip","generation":"1788059378324076"}},"environmentVariables":{"GOOGLE_NODE_RUN_SCRIPTS":""},"dockerRepository":"projects/batchfee-477b8/locations/asia-south1/repositories/gcf-artifacts","sourceProvenance":{"resolvedStorageSource":{"bucket":"gcf-v2-sources-632446580863-asia-south1","object":"createEntitledStudent/function-source.zip","generation":"1788059378324076"}},"dockerRegistry":"ARTIFACT_REGISTRY","serviceAccount":"projects/batchfee-477b8/serviceAccounts/632446580863-compute@developer.gserviceaccount.com","automaticUpdatePolicy":{}},"serviceConfig":{"service":"projects/batchfee-477b8/locations/asia-south1/services/createentitledstudent","timeoutSeconds":60,"environmentVariables":{"FIREBASE_CONFIG":"{\"projectId\":\"batchfee-477b8\",\"storageBucket\":\"batchfee-477b8.firebasestorage.app\"}","GCLOUD_PROJECT":"batchfee-477b8","EVENTARC_CLOUD_EVENT_SOURCE":"projects/batchfee-477b8/locations/asia-south1/services/createEntitledStudent","FUNCTION_REGION":"asia-south1","FUNCTION_TARGET":"createEntitledStudent","LOG_EXECUTION_ID":"true","FUNCTION_SIGNATURE_TYPE":"http"},"maxInstanceCount":3,"ingressSettings":"ALLOW_ALL","uri":"https://createentitledstudent-i3itvyqddq-el.a.run.app","serviceAccountEmail":"632446580863-compute@developer.gserviceaccount.com","availableMemory":"256Mi","allTrafficOnLatestRevision":true,"revision":"createentitledstudent-00008-mod","maxInstanceRequestConcurrency":80,"availableCpu":"1"},"state":"ACTIVE","updateTime":"2026-08-30T03:10:28.968225078Z","labels":{"deployment-callable":"true","firebase-functions-hash":"8e3f29d0539bb3df42a99dab510484d6dda39859","deployment-tool":"cli-firebase"},"environment":"GEN_2","url":"https://asia-south1-batchfee-477b8.cloudfunctions.net/createEntitledStudent","satisfiesPzs":true,"createTime":"2026-08-14T09:31:29.118670197Z","satisfiesPzi":true},{"name":"projects/batchfee-477b8/locations/asia-south1/functions/cleanupInstituteOwnerLoginActivity","buildConfig":{"build":"projects/632446580863/locations/asia-south1/builds/30c5186e-fe33-42b2-8bbb-6dec7085b215","runtime":"nodejs22","entryPoint":"cleanupInstituteOwnerLoginActivity","source":{"storageSource":{"bucket":"gcf-v2-sources-632446580863-asia-south1","object":"cleanupInstituteOwnerLoginActivity/function-source.zip","generation":"1787368582215225"}},"environmentVariables":{"GOOGLE_NODE_RUN_SCRIPTS":""},"dockerRepository":"projects/batchfee-477b8/locations/asia-south1/repositories/gcf-artifacts","sourceProvenance":{"resolvedStorageSource":{"bucket":"gcf-v2-sources-632446580863-asia-south1","object":"cleanupInstituteOwnerLoginActivity/function-source.zip","generation":"1787368582215225"}},"dockerRegistry":"ARTIFACT_REGISTRY","serviceAccount":"projects/batchfee-477b8/serviceAccounts/632446580863-compute@developer.gserviceaccount.com","automaticUpdatePolicy":{}},"serviceConfig":{"service":"projects/batchfee-477b8/locations/asia-south1/services/cleanupinstituteownerloginactivity","timeoutSeconds":300,"environmentVariables":{"FIREBASE_CONFIG":"{\"projectId\":\"batchfee-477b8\",\"storageBucket\":\"batchfee-477b8.firebasestorage.app\"}","GCLOUD_PROJECT":"batchfee-477b8","EVENTARC_CLOUD_EVENT_SOURCE":"projects/batchfee-477b8/locations/asia-south1/services/cleanupInstituteOwnerLoginActivity","FUNCTION_REGION":"asia-south1","FUNCTION_TARGET":"cleanupInstituteOwnerLoginActivity","LOG_EXECUTION_ID":"true","FUNCTION_SIGNATURE_TYPE":"http"},"ingressSettings":"ALLOW_ALL","uri":"https://cleanupinstituteownerloginactivity-i3itvyqddq-el.a.run.app","serviceAccountEmail":"632446580863-compute@developer.gserviceaccount.com","availableMemory":"256Mi","allTrafficOnLatestRevision":true,"revision":"cleanupinstituteownerloginactivity-00001-zok","maxInstanceRequestConcurrency":80,"availableCpu":"1"},"state":"ACTIVE","updateTime":"2026-08-22T03:16:32.366435760Z","labels":{"deployment-scheduled":"true","firebase-functions-hash":"b063da973019a4f10073cbcf254cec217189ec7a","deployment-tool":"cli-firebase"},"environment":"GEN_2","url":"https://asia-south1-batchfee-477b8.cloudfunctions.net/cleanupInstituteOwnerLoginActivity","satisfiesPzs":true,"createTime":"2026-08-22T03:16:22.990475089Z","satisfiesPzi":true},{"name":"projects/batchfee-477b8/locations/asia-south1/functions/commitFinancialOperation","buildConfig":{"build":"projects/632446580863/locations/asia-south1/builds/54f15c25-31a1-4712-af31-027d10d1f3d9","runtime":"nodejs22","entryPoint":"commitFinancialOperation","source":{"storageSource":{"bucket":"gcf-v2-sources-632446580863-asia-south1","object":"commitFinancialOperation/function-source.zip","generation":"1787350566998199"}},"environmentVariables":{"GOOGLE_NODE_RUN_SCRIPTS":""},"dockerRepository":"projects/batchfee-477b8/locations/asia-south1/repositories/gcf-artifacts","sourceProvenance":{"resolvedStorageSource":{"bucket":"gcf-v2-sources-632446580863-asia-south1","object":"commitFinancialOperation/function-source.zip","generation":"1787350566998199"}},"dockerRegistry":"ARTIFACT_REGISTRY","serviceAccount":"projects/batchfee-477b8/serviceAccounts/632446580863-compute@developer.gserviceaccount.com","automaticUpdatePolicy":{}},"serviceConfig":{"service":"projects/batchfee-477b8/locations/asia-south1/services/commitfinancialoperation","timeoutSeconds":60,"environmentVariables":{"FIREBASE_CONFIG":"{\"projectId\":\"batchfee-477b8\",\"storageBucket\":\"batchfee-477b8.firebasestorage.app\"}","GCLOUD_PROJECT":"batchfee-477b8","EVENTARC_CLOUD_EVENT_SOURCE":"projects/batchfee-477b8/locations/asia-south1/services/commitFinancialOperation","FUNCTION_REGION":"asia-south1","FUNCTION_TARGET":"commitFinancialOperation","LOG_EXECUTION_ID":"true","FUNCTION_SIGNATURE_TYPE":"http"},"maxInstanceCount":3,"ingressSettings":"ALLOW_ALL","uri":"https://commitfinancialoperation-i3itvyqddq-el.a.run.app","serviceAccountEmail":"632446580863-compute@developer.gserviceaccount.com","availableMemory":"256Mi","allTrafficOnLatestRevision":true,"revision":"commitfinancialoperation-00010-zik","maxInstanceRequestConcurrency":80,"availableCpu":"1"},"state":"ACTIVE","updateTime":"2026-08-21T22:16:58.108252088Z","labels":{"deployment-tool":"cli-firebase","deployment-callable":"true","firebase-functions-hash":"1a37ccaf31c39f4b02d400ff61c60dad60aec0be"},"environment":"GEN_2","url":"https://asia-south1-batchfee-477b8.cloudfunctions.net/commitFinancialOperation","satisfiesPzs":true,"createTime":"2026-08-14T09:31:29.053122217Z","satisfiesPzi":true}]}
[info] i  extensions: ensuring required API firebaseextensions.googleapis.com is enabled... 
[debug] [2026-09-04T15:56:33.443Z] > command requires scopes: ["email","openid","https://www.googleapis.com/auth/cloudplatformprojects.readonly","https://www.googleapis.com/auth/firebase","https://www.googleapis.com/auth/cloud-platform"]
[debug] [2026-09-04T15:56:33.443Z] > authorizing via signed-in user (batchfee.admin@gmail.com)
[debug] [2026-09-04T15:56:33.443Z] [iam] checking project batchfee-477b8 for permissions ["firebase.projects.get","firebaseextensions.instances.list"]
[debug] [2026-09-04T15:56:33.444Z] Checked if tokens are valid: true, expires at: 1788540932964
[debug] [2026-09-04T15:56:33.444Z] Checked if tokens are valid: true, expires at: 1788540932964
[debug] [2026-09-04T15:56:33.444Z] >>> [apiv2][query] POST https://cloudresourcemanager.googleapis.com/v1/projects/batchfee-477b8:testIamPermissions [none]
[debug] [2026-09-04T15:56:33.444Z] >>> [apiv2][(partial)header] POST https://cloudresourcemanager.googleapis.com/v1/projects/batchfee-477b8:testIamPermissions  x-goog-user-project=batchfee-477b8
[debug] [2026-09-04T15:56:33.444Z] >>> [apiv2][body] POST https://cloudresourcemanager.googleapis.com/v1/projects/batchfee-477b8:testIamPermissions {"permissions":["firebase.projects.get","firebaseextensions.instances.list"]}
[debug] [2026-09-04T15:56:34.775Z] <<< [apiv2][status] POST https://cloudresourcemanager.googleapis.com/v1/projects/batchfee-477b8:testIamPermissions 200
[debug] [2026-09-04T15:56:34.775Z] <<< [apiv2][body] POST https://cloudresourcemanager.googleapis.com/v1/projects/batchfee-477b8:testIamPermissions {"permissions":["firebase.projects.get","firebaseextensions.instances.list"]}
[debug] [2026-09-04T15:56:34.776Z] Checked if tokens are valid: true, expires at: 1788540932964
[debug] [2026-09-04T15:56:34.776Z] Checked if tokens are valid: true, expires at: 1788540932964
[debug] [2026-09-04T15:56:34.776Z] >>> [apiv2][query] GET https://firebaseextensions.googleapis.com/v1beta/projects/batchfee-477b8/instances pageSize=100&pageToken=
[debug] [2026-09-04T15:56:36.235Z] <<< [apiv2][status] GET https://firebaseextensions.googleapis.com/v1beta/projects/batchfee-477b8/instances 200
[debug] [2026-09-04T15:56:36.236Z] <<< [apiv2][body] GET https://firebaseextensions.googleapis.com/v1beta/projects/batchfee-477b8/instances {}
[debug] [2026-09-04T15:56:36.237Z] Attempting to merge .env secret bindings {} into declared secrets...)}
[debug] [2026-09-04T15:56:36.237Z] provisionStudentAccount declared secrets: undefined
[debug] [2026-09-04T15:56:36.237Z] disableStudentAccount declared secrets: undefined
[debug] [2026-09-04T15:56:36.237Z] deleteStudentAccount declared secrets: undefined
[debug] [2026-09-04T15:56:36.237Z] getStudentAccountStatus declared secrets: undefined
[debug] [2026-09-04T15:56:36.237Z] loginStudent declared secrets: undefined
[debug] [2026-09-04T15:56:36.237Z] recordStudentActivity declared secrets: undefined
[debug] [2026-09-04T15:56:36.237Z] getStudentActivity declared secrets: undefined
[debug] [2026-09-04T15:56:36.237Z] recordInstituteOwnerLogin declared secrets: undefined
[debug] [2026-09-04T15:56:36.237Z] getInstituteOwnerLoginActivity declared secrets: undefined
[debug] [2026-09-04T15:56:36.237Z] cleanupInstituteOwnerLoginActivity declared secrets: undefined
[debug] [2026-09-04T15:56:36.237Z] createEntitledStudent declared secrets: undefined
[debug] [2026-09-04T15:56:36.237Z] createEntitledBatch declared secrets: undefined
[debug] [2026-09-04T15:56:36.237Z] unassignStudentFromBatch declared secrets: undefined
[debug] [2026-09-04T15:56:36.238Z] shiftStudentBetweenBatches declared secrets: undefined
[debug] [2026-09-04T15:56:36.238Z] createEntitledStaff declared secrets: undefined
[debug] [2026-09-04T15:56:36.238Z] provisionStaffAccount declared secrets: undefined
[debug] [2026-09-04T15:56:36.238Z] updateStaffAccount declared secrets: undefined
[debug] [2026-09-04T15:56:36.238Z] loginStaff declared secrets: undefined
[debug] [2026-09-04T15:56:36.238Z] createRegistrationProfile declared secrets: undefined
[debug] [2026-09-04T15:56:36.238Z] updateStudentProfile declared secrets: undefined
[debug] [2026-09-04T15:56:36.238Z] reconcileStudentOperationalSummary declared secrets: undefined
[debug] [2026-09-04T15:56:36.238Z] reconcileBatchOperationalSummary declared secrets: undefined
[debug] [2026-09-04T15:56:36.238Z] reconcileStaffOperationalSummary declared secrets: undefined
[debug] [2026-09-04T15:56:36.238Z] repairSubscriptionEntitlements declared secrets: undefined
[debug] [2026-09-04T15:56:36.238Z] expireElapsedSubscriptions declared secrets: undefined
[debug] [2026-09-04T15:56:36.238Z] commitFinancialOperation declared secrets: undefined
[debug] [2026-09-04T15:56:36.238Z] createExamWithFees declared secrets: undefined
[debug] [2026-09-04T15:56:36.238Z] commitSubscriptionOperation declared secrets: undefined
[debug] [2026-09-04T15:56:36.238Z] commitPlatformAdminOperation declared secrets: undefined
[debug] [2026-09-04T15:56:36.238Z] commitSafeDeletion declared secrets: undefined
[debug] [2026-09-04T15:56:36.238Z] permanentlyPurgeStudent declared secrets: undefined
[debug] [2026-09-04T15:56:36.238Z] permanentlyPurgeBatch declared secrets: undefined
[debug] [2026-09-04T15:56:36.238Z] permanentlyPurgeStaff declared secrets: undefined
[debug] [2026-09-04T15:56:36.238Z] permanentlyPurgeInstitute declared secrets: undefined
[debug] [2026-09-04T15:56:36.238Z] uploadSecureMedia declared secrets: undefined
[debug] [2026-09-04T15:56:36.238Z] getSecureMediaUrl declared secrets: undefined
[debug] [2026-09-04T15:56:36.238Z] submitPublicRegistration declared secrets: [{"key":"REGISTRATION_RATE_LIMIT_SECRET","secret":"REGISTRATION_RATE_LIMIT_SECRET","projectId":"batchfee-477b8"}]
[debug] [2026-09-04T15:56:36.239Z] Checked if tokens are valid: true, expires at: 1788540932964
[debug] [2026-09-04T15:56:36.239Z] Checked if tokens are valid: true, expires at: 1788540932964
[debug] [2026-09-04T15:56:36.239Z] >>> [apiv2][query] GET https://secretmanager.googleapis.com/v1/projects/batchfee-477b8/secrets/REGISTRATION_RATE_LIMIT_SECRET [none]
[debug] [2026-09-04T15:56:36.926Z] <<< [apiv2][status] GET https://secretmanager.googleapis.com/v1/projects/batchfee-477b8/secrets/REGISTRATION_RATE_LIMIT_SECRET 200
[debug] [2026-09-04T15:56:36.926Z] <<< [apiv2][body] GET https://secretmanager.googleapis.com/v1/projects/batchfee-477b8/secrets/REGISTRATION_RATE_LIMIT_SECRET {"name":"projects/632446580863/secrets/REGISTRATION_RATE_LIMIT_SECRET","replication":{"automatic":{}},"createTime":"2026-08-14T08:56:42.531359Z","labels":{"firebase-managed":"functions"},"etag":"\"1658fdffe61b43\""}
[debug] [2026-09-04T15:56:36.926Z] Checked if tokens are valid: true, expires at: 1788540932964
[debug] [2026-09-04T15:56:36.926Z] Checked if tokens are valid: true, expires at: 1788540932964
[debug] [2026-09-04T15:56:36.926Z] >>> [apiv2][query] GET https://secretmanager.googleapis.com/v1/projects/batchfee-477b8/secrets/REGISTRATION_RATE_LIMIT_SECRET/versions/latest [none]
[debug] [2026-09-04T15:56:37.380Z] <<< [apiv2][status] GET https://secretmanager.googleapis.com/v1/projects/batchfee-477b8/secrets/REGISTRATION_RATE_LIMIT_SECRET/versions/latest 200
[debug] [2026-09-04T15:56:37.381Z] <<< [apiv2][body] GET https://secretmanager.googleapis.com/v1/projects/batchfee-477b8/secrets/REGISTRATION_RATE_LIMIT_SECRET/versions/latest {"name":"projects/632446580863/secrets/REGISTRATION_RATE_LIMIT_SECRET/versions/2","createTime":"2026-08-14T08:57:15.237312Z","state":"ENABLED","replicationStatus":{"automatic":{}},"etag":"\"1658fe01ca4fc0\""}
[info] i  functions: preparing functions directory for uploading... 
[info] i  functions: packaged d:\batchfee\functions (159.39 KB) for uploading 
[debug] [2026-09-04T15:56:37.829Z] Checked if tokens are valid: true, expires at: 1788540932964
[debug] [2026-09-04T15:56:37.829Z] Checked if tokens are valid: true, expires at: 1788540932964
[debug] [2026-09-04T15:56:37.829Z] >>> [apiv2][query] GET https://firestore.googleapis.com/v1/projects/batchfee-477b8/databases/(default) [none]
[debug] [2026-09-04T15:56:38.277Z] <<< [apiv2][status] GET https://firestore.googleapis.com/v1/projects/batchfee-477b8/databases/(default) 200
[debug] [2026-09-04T15:56:38.278Z] <<< [apiv2][body] GET https://firestore.googleapis.com/v1/projects/batchfee-477b8/databases/(default) {"name":"projects/batchfee-477b8/databases/(default)","uid":"ffb7c95a-3a3e-4956-8618-9f2f0af5ee01","createTime":"2026-06-04T10:13:47.286260Z","updateTime":"2026-06-04T10:13:47.286260Z","locationId":"asia-south1","type":"FIRESTORE_NATIVE","concurrencyMode":"PESSIMISTIC","versionRetentionPeriod":"3600s","earliestVersionTime":"2026-09-04T14:56:38.207699Z","appEngineIntegrationMode":"DISABLED","keyPrefix":"j","pointInTimeRecoveryEnablement":"POINT_IN_TIME_RECOVERY_DISABLED","deleteProtectionState":"DELETE_PROTECTION_DISABLED","databaseEdition":"STANDARD","freeTier":true,"realtimeUpdatesMode":"REALTIME_UPDATES_MODE_ENABLED","enhancedTextSearchQueryMode":"ENHANCED_QUERY_MODE_ENABLED","etag":"IObHpoKl1ZYDMJaQ49vI7ZQD"}
[info] i  functions: ensuring required API cloudscheduler.googleapis.com is enabled... 
[info] i  functions: ensuring required API run.googleapis.com is enabled... 
[info] i  functions: ensuring required API eventarc.googleapis.com is enabled... 
[info] i  functions: ensuring required API pubsub.googleapis.com is enabled... 
[info] i  functions: ensuring required API storage.googleapis.com is enabled... 
[info] i  functions: generating the service identity for pubsub.googleapis.com... 
[debug] [2026-09-04T15:56:38.283Z] Checked if tokens are valid: true, expires at: 1788540932964
[debug] [2026-09-04T15:56:38.283Z] Checked if tokens are valid: true, expires at: 1788540932964
[info] i  functions: generating the service identity for eventarc.googleapis.com... 
[debug] [2026-09-04T15:56:38.283Z] Checked if tokens are valid: true, expires at: 1788540932964
[debug] [2026-09-04T15:56:38.283Z] Checked if tokens are valid: true, expires at: 1788540932964
[debug] [2026-09-04T15:56:38.283Z] >>> [apiv2][query] POST https://serviceusage.googleapis.com/v1beta1/projects/632446580863/services/pubsub.googleapis.com:generateServiceIdentity [none]
[debug] [2026-09-04T15:56:38.283Z] >>> [apiv2][(partial)header] POST https://serviceusage.googleapis.com/v1beta1/projects/632446580863/services/pubsub.googleapis.com:generateServiceIdentity  x-goog-user-project=632446580863
[debug] [2026-09-04T15:56:38.283Z] >>> [apiv2][body] POST https://serviceusage.googleapis.com/v1beta1/projects/632446580863/services/pubsub.googleapis.com:generateServiceIdentity {}
[debug] [2026-09-04T15:56:38.284Z] >>> [apiv2][query] POST https://serviceusage.googleapis.com/v1beta1/projects/632446580863/services/eventarc.googleapis.com:generateServiceIdentity [none]
[debug] [2026-09-04T15:56:38.284Z] >>> [apiv2][(partial)header] POST https://serviceusage.googleapis.com/v1beta1/projects/632446580863/services/eventarc.googleapis.com:generateServiceIdentity  x-goog-user-project=632446580863
[debug] [2026-09-04T15:56:38.284Z] >>> [apiv2][body] POST https://serviceusage.googleapis.com/v1beta1/projects/632446580863/services/eventarc.googleapis.com:generateServiceIdentity {}
[debug] [2026-09-04T15:56:39.966Z] <<< [apiv2][status] POST https://serviceusage.googleapis.com/v1beta1/projects/632446580863/services/pubsub.googleapis.com:generateServiceIdentity 200
[debug] [2026-09-04T15:56:39.967Z] <<< [apiv2][body] POST https://serviceusage.googleapis.com/v1beta1/projects/632446580863/services/pubsub.googleapis.com:generateServiceIdentity {"name":"operations/finished.DONE_OPERATION","done":true,"response":{"@type":"type.googleapis.com/google.api.serviceusage.v1beta1.ServiceIdentity","email":"service-632446580863@gcp-sa-pubsub.iam.gserviceaccount.com","uniqueId":"111780550648019892278"}}
[debug] [2026-09-04T15:56:40.020Z] <<< [apiv2][status] POST https://serviceusage.googleapis.com/v1beta1/projects/632446580863/services/eventarc.googleapis.com:generateServiceIdentity 200
[debug] [2026-09-04T15:56:40.020Z] <<< [apiv2][body] POST https://serviceusage.googleapis.com/v1beta1/projects/632446580863/services/eventarc.googleapis.com:generateServiceIdentity {"name":"operations/finished.DONE_OPERATION","done":true,"response":{"@type":"type.googleapis.com/google.api.serviceusage.v1beta1.ServiceIdentity","email":"service-632446580863@gcp-sa-eventarc.iam.gserviceaccount.com","uniqueId":"109580936482547650350"}}
[info] i  functions: ensuring required API secretmanager.googleapis.com is enabled... 
[debug] [2026-09-04T15:56:40.023Z] Checked if tokens are valid: true, expires at: 1788540932964
[debug] [2026-09-04T15:56:40.023Z] Checked if tokens are valid: true, expires at: 1788540932964
[debug] [2026-09-04T15:56:40.023Z] >>> [apiv2][query] GET https://cloudresourcemanager.googleapis.com/v1/projects/batchfee-477b8 [none]
[debug] [2026-09-04T15:56:41.427Z] <<< [apiv2][status] GET https://cloudresourcemanager.googleapis.com/v1/projects/batchfee-477b8 200
[debug] [2026-09-04T15:56:41.427Z] <<< [apiv2][body] GET https://cloudresourcemanager.googleapis.com/v1/projects/batchfee-477b8 {"projectNumber":"632446580863","projectId":"batchfee-477b8","lifecycleState":"ACTIVE","name":"batchfee","labels":{"firebase":"enabled","firebase-core":"disabled"},"createTime":"2026-06-04T09:42:54.528Z"}
[debug] [2026-09-04T15:56:41.427Z] Checked if tokens are valid: true, expires at: 1788540932964
[debug] [2026-09-04T15:56:41.427Z] Checked if tokens are valid: true, expires at: 1788540932964
[debug] [2026-09-04T15:56:41.427Z] >>> [apiv2][query] GET https://compute.googleapis.com/compute/v1/projects/632446580863 [none]
[debug] [2026-09-04T15:56:41.887Z] <<< [apiv2][status] GET https://compute.googleapis.com/compute/v1/projects/632446580863 403
[debug] [2026-09-04T15:56:41.887Z] <<< [apiv2][body] GET https://compute.googleapis.com/compute/v1/projects/632446580863 {"error":{"code":403,"message":"Compute Engine API has not been used in project 632446580863 before or it is disabled. Enable it by visiting https://console.developers.google.com/apis/api/compute.googleapis.com/overview?project=632446580863 then retry. If you enabled this API recently, wait a few minutes for the action to propagate to our systems and retry.","errors":[{"message":"Compute Engine API has not been used in project 632446580863 before or it is disabled. Enable it by visiting https://console.developers.google.com/apis/api/compute.googleapis.com/overview?project=632446580863 then retry. If you enabled this API recently, wait a few minutes for the action to propagate to our systems and retry.","domain":"usageLimits","reason":"accessNotConfigured","extendedHelp":"https://console.developers.google.com"}],"status":"PERMISSION_DENIED","details":[{"@type":"type.googleapis.com/google.rpc.ErrorInfo","reason":"SERVICE_DISABLED","domain":"googleapis.com","metadata":{"consumer":"projects/632446580863","containerInfo":"632446580863","activationUrl":"https://console.developers.google.com/apis/api/compute.googleapis.com/overview?project=632446580863","service":"compute.googleapis.com","serviceTitle":"Compute Engine API"}},{"@type":"type.googleapis.com/google.rpc.LocalizedMessage","locale":"en-US","message":"Compute Engine API has not been used in project 632446580863 before or it is disabled. Enable it by visiting https://console.developers.google.com/apis/api/compute.googleapis.com/overview?project=632446580863 then retry. If you enabled this API recently, wait a few minutes for the action to propagate to our systems and retry."},{"@type":"type.googleapis.com/google.rpc.Help","links":[{"description":"Google developers console API activation","url":"https://console.developers.google.com/apis/api/compute.googleapis.com/overview?project=632446580863"}]}]}}
[debug] [2026-09-04T15:56:41.887Z] unable to look up default compute service account. Falling back to 632446580863-compute@developer.gserviceaccount.com. Error: {"name":"FirebaseError","children":[],"context":{"body":{"error":{"code":403,"message":"Compute Engine API has not been used in project 632446580863 before or it is disabled. Enable it by visiting https://console.developers.google.com/apis/api/compute.googleapis.com/overview?project=632446580863 then retry. If you enabled this API recently, wait a few minutes for the action to propagate to our systems and retry.","errors":[{"message":"Compute Engine API has not been used in project 632446580863 before or it is disabled. Enable it by visiting https://console.developers.google.com/apis/api/compute.googleapis.com/overview?project=632446580863 then retry. If you enabled this API recently, wait a few minutes for the action to propagate to our systems and retry.","domain":"usageLimits","reason":"accessNotConfigured","extendedHelp":"https://console.developers.google.com"}],"status":"PERMISSION_DENIED","details":[{"@type":"type.googleapis.com/google.rpc.ErrorInfo","reason":"SERVICE_DISABLED","domain":"googleapis.com","metadata":{"consumer":"projects/632446580863","containerInfo":"632446580863","activationUrl":"https://console.developers.google.com/apis/api/compute.googleapis.com/overview?project=632446580863","service":"compute.googleapis.com","serviceTitle":"Compute Engine API"}},{"@type":"type.googleapis.com/google.rpc.LocalizedMessage","locale":"en-US","message":"Compute Engine API has not been used in project 632446580863 before or it is disabled. Enable it by visiting https://console.developers.google.com/apis/api/compute.googleapis.com/overview?project=632446580863 then retry. If you enabled this API recently, wait a few minutes for the action to propagate to our systems and retry."},{"@type":"type.googleapis.com/google.rpc.Help","links":[{"description":"Google developers console API activation","url":"https://console.developers.google.com/apis/api/compute.googleapis.com/overview?project=632446580863"}]}]}},"response":{"statusCode":403}},"exit":1,"message":"Request to https://compute.googleapis.com/compute/v1/projects/632446580863 had HTTP Error: 403, Compute Engine API has not been used in project 632446580863 before or it is disabled. Enable it by visiting https://console.developers.google.com/apis/api/compute.googleapis.com/overview?project=632446580863 then retry. If you enabled this API recently, wait a few minutes for the action to propagate to our systems and retry.","status":403}
[debug] [2026-09-04T15:56:41.887Z] Checked if tokens are valid: true, expires at: 1788540932964
[debug] [2026-09-04T15:56:41.887Z] Checked if tokens are valid: true, expires at: 1788540932964
[debug] [2026-09-04T15:56:41.888Z] >>> [apiv2][query] GET https://compute.googleapis.com/compute/v1/projects/632446580863 [none]
[debug] [2026-09-04T15:56:42.203Z] <<< [apiv2][status] GET https://compute.googleapis.com/compute/v1/projects/632446580863 403
[debug] [2026-09-04T15:56:42.203Z] <<< [apiv2][body] GET https://compute.googleapis.com/compute/v1/projects/632446580863 {"error":{"code":403,"message":"Compute Engine API has not been used in project 632446580863 before or it is disabled. Enable it by visiting https://console.developers.google.com/apis/api/compute.googleapis.com/overview?project=632446580863 then retry. If you enabled this API recently, wait a few minutes for the action to propagate to our systems and retry.","errors":[{"message":"Compute Engine API has not been used in project 632446580863 before or it is disabled. Enable it by visiting https://console.developers.google.com/apis/api/compute.googleapis.com/overview?project=632446580863 then retry. If you enabled this API recently, wait a few minutes for the action to propagate to our systems and retry.","domain":"usageLimits","reason":"accessNotConfigured","extendedHelp":"https://console.developers.google.com"}],"status":"PERMISSION_DENIED","details":[{"@type":"type.googleapis.com/google.rpc.ErrorInfo","reason":"SERVICE_DISABLED","domain":"googleapis.com","metadata":{"activationUrl":"https://console.developers.google.com/apis/api/compute.googleapis.com/overview?project=632446580863","consumer":"projects/632446580863","serviceTitle":"Compute Engine API","service":"compute.googleapis.com","containerInfo":"632446580863"}},{"@type":"type.googleapis.com/google.rpc.LocalizedMessage","locale":"en-US","message":"Compute Engine API has not been used in project 632446580863 before or it is disabled. Enable it by visiting https://console.developers.google.com/apis/api/compute.googleapis.com/overview?project=632446580863 then retry. If you enabled this API recently, wait a few minutes for the action to propagate to our systems and retry."},{"@type":"type.googleapis.com/google.rpc.Help","links":[{"description":"Google developers console API activation","url":"https://console.developers.google.com/apis/api/compute.googleapis.com/overview?project=632446580863"}]}]}}
[debug] [2026-09-04T15:56:42.203Z] unable to look up default compute service account. Falling back to 632446580863-compute@developer.gserviceaccount.com. Error: {"name":"FirebaseError","children":[],"context":{"body":{"error":{"code":403,"message":"Compute Engine API has not been used in project 632446580863 before or it is disabled. Enable it by visiting https://console.developers.google.com/apis/api/compute.googleapis.com/overview?project=632446580863 then retry. If you enabled this API recently, wait a few minutes for the action to propagate to our systems and retry.","errors":[{"message":"Compute Engine API has not been used in project 632446580863 before or it is disabled. Enable it by visiting https://console.developers.google.com/apis/api/compute.googleapis.com/overview?project=632446580863 then retry. If you enabled this API recently, wait a few minutes for the action to propagate to our systems and retry.","domain":"usageLimits","reason":"accessNotConfigured","extendedHelp":"https://console.developers.google.com"}],"status":"PERMISSION_DENIED","details":[{"@type":"type.googleapis.com/google.rpc.ErrorInfo","reason":"SERVICE_DISABLED","domain":"googleapis.com","metadata":{"activationUrl":"https://console.developers.google.com/apis/api/compute.googleapis.com/overview?project=632446580863","consumer":"projects/632446580863","serviceTitle":"Compute Engine API","service":"compute.googleapis.com","containerInfo":"632446580863"}},{"@type":"type.googleapis.com/google.rpc.LocalizedMessage","locale":"en-US","message":"Compute Engine API has not been used in project 632446580863 before or it is disabled. Enable it by visiting https://console.developers.google.com/apis/api/compute.googleapis.com/overview?project=632446580863 then retry. If you enabled this API recently, wait a few minutes for the action to propagate to our systems and retry."},{"@type":"type.googleapis.com/google.rpc.Help","links":[{"description":"Google developers console API activation","url":"https://console.developers.google.com/apis/api/compute.googleapis.com/overview?project=632446580863"}]}]}},"response":{"statusCode":403}},"exit":1,"message":"Request to https://compute.googleapis.com/compute/v1/projects/632446580863 had HTTP Error: 403, Compute Engine API has not been used in project 632446580863 before or it is disabled. Enable it by visiting https://console.developers.google.com/apis/api/compute.googleapis.com/overview?project=632446580863 then retry. If you enabled this API recently, wait a few minutes for the action to propagate to our systems and retry.","status":403}
[debug] [2026-09-04T15:56:42.204Z] Checked if tokens are valid: true, expires at: 1788540932964
[debug] [2026-09-04T15:56:42.204Z] Checked if tokens are valid: true, expires at: 1788540932964
[debug] [2026-09-04T15:56:42.204Z] >>> [apiv2][query] GET https://compute.googleapis.com/compute/v1/projects/632446580863 [none]
[debug] [2026-09-04T15:56:42.745Z] <<< [apiv2][status] GET https://compute.googleapis.com/compute/v1/projects/632446580863 403
[debug] [2026-09-04T15:56:42.745Z] <<< [apiv2][body] GET https://compute.googleapis.com/compute/v1/projects/632446580863 {"error":{"code":403,"message":"Compute Engine API has not been used in project 632446580863 before or it is disabled. Enable it by visiting https://console.developers.google.com/apis/api/compute.googleapis.com/overview?project=632446580863 then retry. If you enabled this API recently, wait a few minutes for the action to propagate to our systems and retry.","errors":[{"message":"Compute Engine API has not been used in project 632446580863 before or it is disabled. Enable it by visiting https://console.developers.google.com/apis/api/compute.googleapis.com/overview?project=632446580863 then retry. If you enabled this API recently, wait a few minutes for the action to propagate to our systems and retry.","domain":"usageLimits","reason":"accessNotConfigured","extendedHelp":"https://console.developers.google.com"}],"status":"PERMISSION_DENIED","details":[{"@type":"type.googleapis.com/google.rpc.ErrorInfo","reason":"SERVICE_DISABLED","domain":"googleapis.com","metadata":{"activationUrl":"https://console.developers.google.com/apis/api/compute.googleapis.com/overview?project=632446580863","service":"compute.googleapis.com","serviceTitle":"Compute Engine API","consumer":"projects/632446580863","containerInfo":"632446580863"}},{"@type":"type.googleapis.com/google.rpc.LocalizedMessage","locale":"en-US","message":"Compute Engine API has not been used in project 632446580863 before or it is disabled. Enable it by visiting https://console.developers.google.com/apis/api/compute.googleapis.com/overview?project=632446580863 then retry. If you enabled this API recently, wait a few minutes for the action to propagate to our systems and retry."},{"@type":"type.googleapis.com/google.rpc.Help","links":[{"description":"Google developers console API activation","url":"https://console.developers.google.com/apis/api/compute.googleapis.com/overview?project=632446580863"}]}]}}
[debug] [2026-09-04T15:56:42.745Z] unable to look up default compute service account. Falling back to 632446580863-compute@developer.gserviceaccount.com. Error: {"name":"FirebaseError","children":[],"context":{"body":{"error":{"code":403,"message":"Compute Engine API has not been used in project 632446580863 before or it is disabled. Enable it by visiting https://console.developers.google.com/apis/api/compute.googleapis.com/overview?project=632446580863 then retry. If you enabled this API recently, wait a few minutes for the action to propagate to our systems and retry.","errors":[{"message":"Compute Engine API has not been used in project 632446580863 before or it is disabled. Enable it by visiting https://console.developers.google.com/apis/api/compute.googleapis.com/overview?project=632446580863 then retry. If you enabled this API recently, wait a few minutes for the action to propagate to our systems and retry.","domain":"usageLimits","reason":"accessNotConfigured","extendedHelp":"https://console.developers.google.com"}],"status":"PERMISSION_DENIED","details":[{"@type":"type.googleapis.com/google.rpc.ErrorInfo","reason":"SERVICE_DISABLED","domain":"googleapis.com","metadata":{"activationUrl":"https://console.developers.google.com/apis/api/compute.googleapis.com/overview?project=632446580863","service":"compute.googleapis.com","serviceTitle":"Compute Engine API","consumer":"projects/632446580863","containerInfo":"632446580863"}},{"@type":"type.googleapis.com/google.rpc.LocalizedMessage","locale":"en-US","message":"Compute Engine API has not been used in project 632446580863 before or it is disabled. Enable it by visiting https://console.developers.google.com/apis/api/compute.googleapis.com/overview?project=632446580863 then retry. If you enabled this API recently, wait a few minutes for the action to propagate to our systems and retry."},{"@type":"type.googleapis.com/google.rpc.Help","links":[{"description":"Google developers console API activation","url":"https://console.developers.google.com/apis/api/compute.googleapis.com/overview?project=632446580863"}]}]}},"response":{"statusCode":403}},"exit":1,"message":"Request to https://compute.googleapis.com/compute/v1/projects/632446580863 had HTTP Error: 403, Compute Engine API has not been used in project 632446580863 before or it is disabled. Enable it by visiting https://console.developers.google.com/apis/api/compute.googleapis.com/overview?project=632446580863 then retry. If you enabled this API recently, wait a few minutes for the action to propagate to our systems and retry.","status":403}
[debug] [2026-09-04T15:56:42.748Z] Checked if tokens are valid: true, expires at: 1788540932964
[debug] [2026-09-04T15:56:42.748Z] Checked if tokens are valid: true, expires at: 1788540932964
[debug] [2026-09-04T15:56:42.748Z] >>> [apiv2][query] GET https://cloudbilling.googleapis.com/v1/projects/batchfee-477b8/billingInfo [none]
[debug] [2026-09-04T15:56:42.748Z] >>> [apiv2][(partial)header] GET https://cloudbilling.googleapis.com/v1/projects/batchfee-477b8/billingInfo  x-goog-user-project=batchfee-477b8
[debug] [2026-09-04T15:56:43.190Z] <<< [apiv2][status] GET https://cloudbilling.googleapis.com/v1/projects/batchfee-477b8/billingInfo 200
[debug] [2026-09-04T15:56:43.190Z] <<< [apiv2][body] GET https://cloudbilling.googleapis.com/v1/projects/batchfee-477b8/billingInfo {"name":"projects/batchfee-477b8/billingInfo","projectId":"batchfee-477b8","billingAccountName":"billingAccounts/01F9A4-89555A-428821","billingEnabled":true}
[debug] [2026-09-04T15:56:43.192Z] Checked if tokens are valid: true, expires at: 1788540932964
[debug] [2026-09-04T15:56:43.192Z] Checked if tokens are valid: true, expires at: 1788540932964
[debug] [2026-09-04T15:56:43.192Z] >>> [apiv2][query] POST https://cloudfunctions.googleapis.com/v2/projects/batchfee-477b8/locations/asia-south1/functions:generateUploadUrl [none]
[debug] [2026-09-04T15:56:44.051Z] <<< [apiv2][status] POST https://cloudfunctions.googleapis.com/v2/projects/batchfee-477b8/locations/asia-south1/functions:generateUploadUrl 200
[debug] [2026-09-04T15:56:44.051Z] <<< [apiv2][body] POST https://cloudfunctions.googleapis.com/v2/projects/batchfee-477b8/locations/asia-south1/functions:generateUploadUrl {"uploadUrl":"https://storage.googleapis.com/gcf-v2-uploads-632446580863.asia-south1.cloudfunctions.appspot.com/4a0d1ff5-ea1b-4c6d-8f7b-a841ad3fefd4.zip?GoogleAccessId=service-632446580863@gcf-admin-robot.iam.gserviceaccount.com&Expires=1788539203&Signature=MxXRvE8rl20O2g4nIzenMQvIOJoJdhpKOSruMFw%2BipB%2BjI%2BxJ2EJdpKqmLOvGSPWUP3xtdgQVF9obAqVvwy23r5jDu21G3hyoaNdeqvboUiF1G7MfElF10VSCgRY9piHdQwXL9Etktnu9siuJAZAh5VwFOMnG6FewtNe3KVihQldpHfjj2gvx2J1uhy3LuqASNOz1KDikp1jJJVB0OuVj8e2CaEtVtyxspg%2BjAV2UYTasc%2BvGi9cLUNWXwMMtv5gkb4D%2FQ3vcV%2FVA7TipmOy%2BlFhduClLR%2FZaiXdEU%2BB8cK5xeIMgw1Z50couCi18OD4iPDKo9p004QCm9ZCk3x7TQ%3D%3D","storageSource":{"bucket":"gcf-v2-uploads-632446580863.asia-south1.cloudfunctions.appspot.com","object":"4a0d1ff5-ea1b-4c6d-8f7b-a841ad3fefd4.zip"}}
[debug] [2026-09-04T15:56:44.053Z] >>> [apiv2][query] PUT https://storage.googleapis.com/gcf-v2-uploads-632446580863.asia-south1.cloudfunctions.appspot.com/4a0d1ff5-ea1b-4c6d-8f7b-a841ad3fefd4.zip GoogleAccessId=service-632446580863%40gcf-admin-robot.iam.gserviceaccount.com&Expires=1788539203&Signature=MxXRvE8rl20O2g4nIzenMQvIOJoJdhpKOSruMFw%2BipB%2BjI%2BxJ2EJdpKqmLOvGSPWUP3xtdgQVF9obAqVvwy23r5jDu21G3hyoaNdeqvboUiF1G7MfElF10VSCgRY9piHdQwXL9Etktnu9siuJAZAh5VwFOMnG6FewtNe3KVihQldpHfjj2gvx2J1uhy3LuqASNOz1KDikp1jJJVB0OuVj8e2CaEtVtyxspg%2BjAV2UYTasc%2BvGi9cLUNWXwMMtv5gkb4D%2FQ3vcV%2FVA7TipmOy%2BlFhduClLR%2FZaiXdEU%2BB8cK5xeIMgw1Z50couCi18OD4iPDKo9p004QCm9ZCk3x7TQ%3D%3D
[debug] [2026-09-04T15:56:44.053Z] >>> [apiv2][body] PUT https://storage.googleapis.com/gcf-v2-uploads-632446580863.asia-south1.cloudfunctions.appspot.com/4a0d1ff5-ea1b-4c6d-8f7b-a841ad3fefd4.zip [stream]
[debug] [2026-09-04T15:56:44.581Z] <<< [apiv2][status] PUT https://storage.googleapis.com/gcf-v2-uploads-632446580863.asia-south1.cloudfunctions.appspot.com/4a0d1ff5-ea1b-4c6d-8f7b-a841ad3fefd4.zip 200
[debug] [2026-09-04T15:56:44.581Z] <<< [apiv2][body] PUT https://storage.googleapis.com/gcf-v2-uploads-632446580863.asia-south1.cloudfunctions.appspot.com/4a0d1ff5-ea1b-4c6d-8f7b-a841ad3fefd4.zip [omitted]
[info] +  functions: functions source uploaded successfully 
[info] i  functions: creating Node.js 22 (2nd Gen) function provisionStaffAccount(asia-south1)... 
[info] i  functions: creating Node.js 22 (2nd Gen) function updateStaffAccount(asia-south1)... 
[info] i  functions: creating Node.js 22 (2nd Gen) function loginStaff(asia-south1)... 
[debug] [2026-09-04T15:56:44.586Z] Checked if tokens are valid: true, expires at: 1788540932964
[debug] [2026-09-04T15:56:44.586Z] Checked if tokens are valid: true, expires at: 1788540932964
[debug] [2026-09-04T15:56:44.586Z] Checked if tokens are valid: true, expires at: 1788540932964
[debug] [2026-09-04T15:56:44.586Z] Checked if tokens are valid: true, expires at: 1788540932964
[debug] [2026-09-04T15:56:44.586Z] >>> [apiv2][query] POST https://cloudfunctions.googleapis.com/v2/projects/batchfee-477b8/locations/asia-south1/functions functionId=provisionStaffAccount
[debug] [2026-09-04T15:56:44.587Z] >>> [apiv2][body] POST https://cloudfunctions.googleapis.com/v2/projects/batchfee-477b8/locations/asia-south1/functions {"name":"projects/batchfee-477b8/locations/asia-south1/functions/provisionStaffAccount","buildConfig":{"runtime":"nodejs22","entryPoint":"provisionStaffAccount","source":{"storageSource":{"bucket":"gcf-v2-uploads-632446580863.asia-south1.cloudfunctions.appspot.com","object":"4a0d1ff5-ea1b-4c6d-8f7b-a841ad3fefd4.zip"}},"environmentVariables":{"GOOGLE_NODE_RUN_SCRIPTS":""}},"serviceConfig":{"environmentVariables":{"FIREBASE_CONFIG":"{\"projectId\":\"batchfee-477b8\",\"storageBucket\":\"batchfee-477b8.firebasestorage.app\"}","GCLOUD_PROJECT":"batchfee-477b8","EVENTARC_CLOUD_EVENT_SOURCE":"projects/batchfee-477b8/locations/asia-south1/services/provisionStaffAccount","FUNCTION_REGION":"asia-south1","FUNCTION_TARGET":"provisionStaffAccount","LOG_EXECUTION_ID":"true"},"ingressSettings":null,"timeoutSeconds":60,"serviceAccountEmail":null,"availableMemory":"512Mi","minInstanceCount":null,"maxInstanceCount":null,"maxInstanceRequestConcurrency":80,"availableCpu":"1","vpcConnector":null,"vpcConnectorEgressSettings":null,"directVpcNetworkInterface":null,"directVpcEgress":null},"labels":{"deployment-tool":"cli-firebase","deployment-callable":"true","firebase-functions-hash":"ce3b96c84f25af9c82fa660f212857f9880eab9b"}}
[debug] [2026-09-04T15:56:44.587Z] >>> [apiv2][query] POST https://cloudfunctions.googleapis.com/v2/projects/batchfee-477b8/locations/asia-south1/functions functionId=loginStaff
[debug] [2026-09-04T15:56:44.587Z] >>> [apiv2][body] POST https://cloudfunctions.googleapis.com/v2/projects/batchfee-477b8/locations/asia-south1/functions {"name":"projects/batchfee-477b8/locations/asia-south1/functions/loginStaff","buildConfig":{"runtime":"nodejs22","entryPoint":"loginStaff","source":{"storageSource":{"bucket":"gcf-v2-uploads-632446580863.asia-south1.cloudfunctions.appspot.com","object":"4a0d1ff5-ea1b-4c6d-8f7b-a841ad3fefd4.zip"}},"environmentVariables":{"GOOGLE_NODE_RUN_SCRIPTS":""}},"serviceConfig":{"environmentVariables":{"FIREBASE_CONFIG":"{\"projectId\":\"batchfee-477b8\",\"storageBucket\":\"batchfee-477b8.firebasestorage.app\"}","GCLOUD_PROJECT":"batchfee-477b8","EVENTARC_CLOUD_EVENT_SOURCE":"projects/batchfee-477b8/locations/asia-south1/services/loginStaff","FUNCTION_REGION":"asia-south1","FUNCTION_TARGET":"loginStaff","LOG_EXECUTION_ID":"true"},"ingressSettings":null,"timeoutSeconds":30,"serviceAccountEmail":null,"availableMemory":"256Mi","minInstanceCount":null,"maxInstanceCount":null,"maxInstanceRequestConcurrency":80,"availableCpu":"1","vpcConnector":null,"vpcConnectorEgressSettings":null,"directVpcNetworkInterface":null,"directVpcEgress":null},"labels":{"deployment-tool":"cli-firebase","deployment-callable":"true","firebase-functions-hash":"ce3b96c84f25af9c82fa660f212857f9880eab9b"}}
[debug] [2026-09-04T15:56:46.136Z] <<< [apiv2][status] POST https://cloudfunctions.googleapis.com/v2/projects/batchfee-477b8/locations/asia-south1/functions 200
[debug] [2026-09-04T15:56:46.136Z] <<< [apiv2][body] POST https://cloudfunctions.googleapis.com/v2/projects/batchfee-477b8/locations/asia-south1/functions {"name":"projects/batchfee-477b8/locations/asia-south1/operations/operation-1788537405015-65aaa50b18476-f70936ff-704f8814","metadata":{"@type":"type.googleapis.com/google.cloud.functions.v2.OperationMetadata","createTime":"2026-09-04T15:56:46.014300007Z","target":"projects/batchfee-477b8/locations/asia-south1/functions/provisionStaffAccount","verb":"create","cancelRequested":false,"apiVersion":"v2"},"done":false}
[debug] [2026-09-04T15:56:46.137Z] Checked if tokens are valid: true, expires at: 1788540932964
[debug] [2026-09-04T15:56:46.137Z] Checked if tokens are valid: true, expires at: 1788540932964
[debug] [2026-09-04T15:56:46.137Z] >>> [apiv2][query] GET https://cloudfunctions.googleapis.com/v2/projects/batchfee-477b8/locations/asia-south1/operations/operation-1788537405015-65aaa50b18476-f70936ff-704f8814 [none]
[debug] [2026-09-04T15:56:46.446Z] <<< [apiv2][status] POST https://cloudfunctions.googleapis.com/v2/projects/batchfee-477b8/locations/asia-south1/functions 200
[debug] [2026-09-04T15:56:46.446Z] <<< [apiv2][body] POST https://cloudfunctions.googleapis.com/v2/projects/batchfee-477b8/locations/asia-south1/functions {"name":"projects/batchfee-477b8/locations/asia-south1/operations/operation-1788537405286-65aaa50b5a9a7-49b3052d-131e4d72","metadata":{"@type":"type.googleapis.com/google.cloud.functions.v2.OperationMetadata","createTime":"2026-09-04T15:56:46.313884099Z","target":"projects/batchfee-477b8/locations/asia-south1/functions/loginStaff","verb":"create","cancelRequested":false,"apiVersion":"v2"},"done":false}
[debug] [2026-09-04T15:56:46.446Z] Checked if tokens are valid: true, expires at: 1788540932964
[debug] [2026-09-04T15:56:46.446Z] Checked if tokens are valid: true, expires at: 1788540932964
[debug] [2026-09-04T15:56:46.446Z] >>> [apiv2][query] GET https://cloudfunctions.googleapis.com/v2/projects/batchfee-477b8/locations/asia-south1/operations/operation-1788537405286-65aaa50b5a9a7-49b3052d-131e4d72 [none]
[debug] [2026-09-04T15:56:46.690Z] <<< [apiv2][status] GET https://cloudfunctions.googleapis.com/v2/projects/batchfee-477b8/locations/asia-south1/operations/operation-1788537405015-65aaa50b18476-f70936ff-704f8814 200
[debug] [2026-09-04T15:56:46.690Z] <<< [apiv2][body] GET https://cloudfunctions.googleapis.com/v2/projects/batchfee-477b8/locations/asia-south1/operations/operation-1788537405015-65aaa50b18476-f70936ff-704f8814 {"name":"projects/batchfee-477b8/locations/asia-south1/operations/operation-1788537405015-65aaa50b18476-f70936ff-704f8814","metadata":{"@type":"type.googleapis.com/google.cloud.functions.v2.OperationMetadata","createTime":"2026-09-04T15:56:46.014300007Z","target":"projects/batchfee-477b8/locations/asia-south1/functions/provisionStaffAccount","verb":"create","cancelRequested":false,"apiVersion":"v2","requestResource":{"@type":"type.googleapis.com/google.cloud.functions.v2.Function","name":"projects/batchfee-477b8/locations/asia-south1/functions/provisionStaffAccount","buildConfig":{"runtime":"nodejs22","entryPoint":"provisionStaffAccount","source":{"storageSource":{"bucket":"gcf-v2-sources-632446580863-asia-south1","object":"provisionStaffAccount/function-source.zip","generation":"1788537405273071"}},"environmentVariables":{"GOOGLE_NODE_RUN_SCRIPTS":""},"serviceAccount":"projects/batchfee-477b8/serviceAccounts/632446580863-compute@developer.gserviceaccount.com","automaticUpdatePolicy":{}},"serviceConfig":{"service":"projects/batchfee-477b8/locations/asia-south1/services/provisionstaffaccount","timeoutSeconds":60,"environmentVariables":{"FIREBASE_CONFIG":"{\"projectId\":\"batchfee-477b8\",\"storageBucket\":\"batchfee-477b8.firebasestorage.app\"}","GCLOUD_PROJECT":"batchfee-477b8","EVENTARC_CLOUD_EVENT_SOURCE":"projects/batchfee-477b8/locations/asia-south1/services/provisionStaffAccount","FUNCTION_REGION":"asia-south1","FUNCTION_TARGET":"provisionStaffAccount","LOG_EXECUTION_ID":"true"},"ingressSettings":"ALLOW_ALL","serviceAccountEmail":"632446580863-compute@developer.gserviceaccount.com","availableMemory":"512Mi","maxInstanceRequestConcurrency":80,"availableCpu":"1"},"labels":{"deployment-tool":"cli-firebase","deployment-callable":"true","firebase-functions-hash":"ce3b96c84f25af9c82fa660f212857f9880eab9b"},"environment":"GEN_2"},"stages":[{"name":"BUILD","state":"NOT_STARTED"},{"name":"SERVICE","state":"NOT_STARTED"}],"operationType":"CREATE_FUNCTION"},"done":false}
[debug] [2026-09-04T15:56:46.950Z] <<< [apiv2][status] GET https://cloudfunctions.googleapis.com/v2/projects/batchfee-477b8/locations/asia-south1/operations/operation-1788537405286-65aaa50b5a9a7-49b3052d-131e4d72 200
[debug] [2026-09-04T15:56:46.951Z] <<< [apiv2][body] GET https://cloudfunctions.googleapis.com/v2/projects/batchfee-477b8/locations/asia-south1/operations/operation-1788537405286-65aaa50b5a9a7-49b3052d-131e4d72 {"name":"projects/batchfee-477b8/locations/asia-south1/operations/operation-1788537405286-65aaa50b5a9a7-49b3052d-131e4d72","metadata":{"@type":"type.googleapis.com/google.cloud.functions.v2.OperationMetadata","createTime":"2026-09-04T15:56:46.313884099Z","target":"projects/batchfee-477b8/locations/asia-south1/functions/loginStaff","verb":"create","cancelRequested":false,"apiVersion":"v2","requestResource":{"@type":"type.googleapis.com/google.cloud.functions.v2.Function","name":"projects/batchfee-477b8/locations/asia-south1/functions/loginStaff","buildConfig":{"runtime":"nodejs22","entryPoint":"loginStaff","source":{"storageSource":{"bucket":"gcf-v2-sources-632446580863-asia-south1","object":"loginStaff/function-source.zip","generation":"1788537405527025"}},"environmentVariables":{"GOOGLE_NODE_RUN_SCRIPTS":""},"serviceAccount":"projects/batchfee-477b8/serviceAccounts/632446580863-compute@developer.gserviceaccount.com","automaticUpdatePolicy":{}},"serviceConfig":{"service":"projects/batchfee-477b8/locations/asia-south1/services/loginstaff","timeoutSeconds":30,"environmentVariables":{"FIREBASE_CONFIG":"{\"projectId\":\"batchfee-477b8\",\"storageBucket\":\"batchfee-477b8.firebasestorage.app\"}","GCLOUD_PROJECT":"batchfee-477b8","EVENTARC_CLOUD_EVENT_SOURCE":"projects/batchfee-477b8/locations/asia-south1/services/loginStaff","FUNCTION_REGION":"asia-south1","FUNCTION_TARGET":"loginStaff","LOG_EXECUTION_ID":"true"},"ingressSettings":"ALLOW_ALL","serviceAccountEmail":"632446580863-compute@developer.gserviceaccount.com","availableMemory":"256Mi","maxInstanceRequestConcurrency":80,"availableCpu":"1"},"labels":{"deployment-tool":"cli-firebase","deployment-callable":"true","firebase-functions-hash":"ce3b96c84f25af9c82fa660f212857f9880eab9b"},"environment":"GEN_2"},"stages":[{"name":"BUILD","state":"NOT_STARTED"},{"name":"SERVICE","state":"NOT_STARTED"}],"operationType":"CREATE_FUNCTION"},"done":false}
[debug] [2026-09-04T15:56:47.204Z] [create-default-asia-south1-provisionStaffAccount] Retrying task index 0
[debug] [2026-09-04T15:56:47.204Z] Checked if tokens are valid: true, expires at: 1788540932964
[debug] [2026-09-04T15:56:47.204Z] Checked if tokens are valid: true, expires at: 1788540932964
[debug] [2026-09-04T15:56:47.204Z] >>> [apiv2][query] GET https://cloudfunctions.googleapis.com/v2/projects/batchfee-477b8/locations/asia-south1/operations/operation-1788537405015-65aaa50b18476-f70936ff-704f8814 [none]
[debug] [2026-09-04T15:56:47.451Z] [create-default-asia-south1-loginStaff] Retrying task index 0
[debug] [2026-09-04T15:56:47.451Z] Checked if tokens are valid: true, expires at: 1788540932964
[debug] [2026-09-04T15:56:47.451Z] Checked if tokens are valid: true, expires at: 1788540932964
[debug] [2026-09-04T15:56:47.451Z] >>> [apiv2][query] GET https://cloudfunctions.googleapis.com/v2/projects/batchfee-477b8/locations/asia-south1/operations/operation-1788537405286-65aaa50b5a9a7-49b3052d-131e4d72 [none]
[debug] [2026-09-04T15:56:47.500Z] <<< [apiv2][status] GET https://cloudfunctions.googleapis.com/v2/projects/batchfee-477b8/locations/asia-south1/operations/operation-1788537405015-65aaa50b18476-f70936ff-704f8814 200
[debug] [2026-09-04T15:56:47.500Z] <<< [apiv2][body] GET https://cloudfunctions.googleapis.com/v2/projects/batchfee-477b8/locations/asia-south1/operations/operation-1788537405015-65aaa50b18476-f70936ff-704f8814 {"name":"projects/batchfee-477b8/locations/asia-south1/operations/operation-1788537405015-65aaa50b18476-f70936ff-704f8814","metadata":{"@type":"type.googleapis.com/google.cloud.functions.v2.OperationMetadata","createTime":"2026-09-04T15:56:46.014300007Z","target":"projects/batchfee-477b8/locations/asia-south1/functions/provisionStaffAccount","verb":"create","cancelRequested":false,"apiVersion":"v2","requestResource":{"@type":"type.googleapis.com/google.cloud.functions.v2.Function","name":"projects/batchfee-477b8/locations/asia-south1/functions/provisionStaffAccount","buildConfig":{"runtime":"nodejs22","entryPoint":"provisionStaffAccount","source":{"storageSource":{"bucket":"gcf-v2-sources-632446580863-asia-south1","object":"provisionStaffAccount/function-source.zip","generation":"1788537405273071"}},"environmentVariables":{"GOOGLE_NODE_RUN_SCRIPTS":""},"serviceAccount":"projects/batchfee-477b8/serviceAccounts/632446580863-compute@developer.gserviceaccount.com","automaticUpdatePolicy":{}},"serviceConfig":{"service":"projects/batchfee-477b8/locations/asia-south1/services/provisionstaffaccount","timeoutSeconds":60,"environmentVariables":{"FIREBASE_CONFIG":"{\"projectId\":\"batchfee-477b8\",\"storageBucket\":\"batchfee-477b8.firebasestorage.app\"}","GCLOUD_PROJECT":"batchfee-477b8","EVENTARC_CLOUD_EVENT_SOURCE":"projects/batchfee-477b8/locations/asia-south1/services/provisionStaffAccount","FUNCTION_REGION":"asia-south1","FUNCTION_TARGET":"provisionStaffAccount","LOG_EXECUTION_ID":"true"},"ingressSettings":"ALLOW_ALL","serviceAccountEmail":"632446580863-compute@developer.gserviceaccount.com","availableMemory":"512Mi","maxInstanceRequestConcurrency":80,"availableCpu":"1"},"labels":{"deployment-tool":"cli-firebase","deployment-callable":"true","firebase-functions-hash":"ce3b96c84f25af9c82fa660f212857f9880eab9b"},"environment":"GEN_2"},"stages":[{"name":"BUILD","state":"NOT_STARTED"},{"name":"SERVICE","state":"NOT_STARTED"}],"operationType":"CREATE_FUNCTION"},"done":false}
[debug] [2026-09-04T15:56:48.016Z] <<< [apiv2][status] GET https://cloudfunctions.googleapis.com/v2/projects/batchfee-477b8/locations/asia-south1/operations/operation-1788537405286-65aaa50b5a9a7-49b3052d-131e4d72 200
[debug] [2026-09-04T15:56:48.016Z] <<< [apiv2][body] GET https://cloudfunctions.googleapis.com/v2/projects/batchfee-477b8/locations/asia-south1/operations/operation-1788537405286-65aaa50b5a9a7-49b3052d-131e4d72 {"name":"projects/batchfee-477b8/locations/asia-south1/operations/operation-1788537405286-65aaa50b5a9a7-49b3052d-131e4d72","metadata":{"@type":"type.googleapis.com/google.cloud.functions.v2.OperationMetadata","createTime":"2026-09-04T15:56:46.313884099Z","target":"projects/batchfee-477b8/locations/asia-south1/functions/loginStaff","verb":"create","cancelRequested":false,"apiVersion":"v2","requestResource":{"@type":"type.googleapis.com/google.cloud.functions.v2.Function","name":"projects/batchfee-477b8/locations/asia-south1/functions/loginStaff","buildConfig":{"runtime":"nodejs22","entryPoint":"loginStaff","source":{"storageSource":{"bucket":"gcf-v2-sources-632446580863-asia-south1","object":"loginStaff/function-source.zip","generation":"1788537405527025"}},"environmentVariables":{"GOOGLE_NODE_RUN_SCRIPTS":""},"serviceAccount":"projects/batchfee-477b8/serviceAccounts/632446580863-compute@developer.gserviceaccount.com","automaticUpdatePolicy":{}},"serviceConfig":{"service":"projects/batchfee-477b8/locations/asia-south1/services/loginstaff","timeoutSeconds":30,"environmentVariables":{"FIREBASE_CONFIG":"{\"projectId\":\"batchfee-477b8\",\"storageBucket\":\"batchfee-477b8.firebasestorage.app\"}","GCLOUD_PROJECT":"batchfee-477b8","EVENTARC_CLOUD_EVENT_SOURCE":"projects/batchfee-477b8/locations/asia-south1/services/loginStaff","FUNCTION_REGION":"asia-south1","FUNCTION_TARGET":"loginStaff","LOG_EXECUTION_ID":"true"},"ingressSettings":"ALLOW_ALL","serviceAccountEmail":"632446580863-compute@developer.gserviceaccount.com","availableMemory":"256Mi","maxInstanceRequestConcurrency":80,"availableCpu":"1"},"labels":{"deployment-tool":"cli-firebase","deployment-callable":"true","firebase-functions-hash":"ce3b96c84f25af9c82fa660f212857f9880eab9b"},"environment":"GEN_2"},"stages":[{"name":"BUILD","state":"NOT_STARTED"},{"name":"SERVICE","state":"NOT_STARTED"}],"operationType":"CREATE_FUNCTION"},"done":false}
[debug] [2026-09-04T15:56:48.501Z] [create-default-asia-south1-provisionStaffAccount] Retrying task index 0
[debug] [2026-09-04T15:56:48.501Z] Checked if tokens are valid: true, expires at: 1788540932964
[debug] [2026-09-04T15:56:48.501Z] Checked if tokens are valid: true, expires at: 1788540932964
[debug] [2026-09-04T15:56:48.501Z] >>> [apiv2][query] GET https://cloudfunctions.googleapis.com/v2/projects/batchfee-477b8/locations/asia-south1/operations/operation-1788537405015-65aaa50b18476-f70936ff-704f8814 [none]
[debug] [2026-09-04T15:56:49.013Z] <<< [apiv2][status] GET https://cloudfunctions.googleapis.com/v2/projects/batchfee-477b8/locations/asia-south1/operations/operation-1788537405015-65aaa50b18476-f70936ff-704f8814 200
[debug] [2026-09-04T15:56:49.013Z] <<< [apiv2][body] GET https://cloudfunctions.googleapis.com/v2/projects/batchfee-477b8/locations/asia-south1/operations/operation-1788537405015-65aaa50b18476-f70936ff-704f8814 {"name":"projects/batchfee-477b8/locations/asia-south1/operations/operation-1788537405015-65aaa50b18476-f70936ff-704f8814","metadata":{"@type":"type.googleapis.com/google.cloud.functions.v2.OperationMetadata","createTime":"2026-09-04T15:56:46.014300007Z","target":"projects/batchfee-477b8/locations/asia-south1/functions/provisionStaffAccount","verb":"create","cancelRequested":false,"apiVersion":"v2","requestResource":{"@type":"type.googleapis.com/google.cloud.functions.v2.Function","name":"projects/batchfee-477b8/locations/asia-south1/functions/provisionStaffAccount","buildConfig":{"runtime":"nodejs22","entryPoint":"provisionStaffAccount","source":{"storageSource":{"bucket":"gcf-v2-sources-632446580863-asia-south1","object":"provisionStaffAccount/function-source.zip","generation":"1788537405273071"}},"environmentVariables":{"GOOGLE_NODE_RUN_SCRIPTS":""},"serviceAccount":"projects/batchfee-477b8/serviceAccounts/632446580863-compute@developer.gserviceaccount.com","automaticUpdatePolicy":{}},"serviceConfig":{"service":"projects/batchfee-477b8/locations/asia-south1/services/provisionstaffaccount","timeoutSeconds":60,"environmentVariables":{"FIREBASE_CONFIG":"{\"projectId\":\"batchfee-477b8\",\"storageBucket\":\"batchfee-477b8.firebasestorage.app\"}","GCLOUD_PROJECT":"batchfee-477b8","EVENTARC_CLOUD_EVENT_SOURCE":"projects/batchfee-477b8/locations/asia-south1/services/provisionStaffAccount","FUNCTION_REGION":"asia-south1","FUNCTION_TARGET":"provisionStaffAccount","LOG_EXECUTION_ID":"true"},"ingressSettings":"ALLOW_ALL","serviceAccountEmail":"632446580863-compute@developer.gserviceaccount.com","availableMemory":"512Mi","maxInstanceRequestConcurrency":80,"availableCpu":"1"},"labels":{"deployment-tool":"cli-firebase","deployment-callable":"true","firebase-functions-hash":"ce3b96c84f25af9c82fa660f212857f9880eab9b"},"environment":"GEN_2"},"stages":[{"name":"BUILD","message":"Build in progress","state":"IN_PROGRESS","resource":"projects/632446580863/locations/asia-south1/builds/d86131e1-5dad-4caf-be3d-2015da0dcbd9","resourceUri":"https://console.cloud.google.com/cloud-build/builds;region=asia-south1/d86131e1-5dad-4caf-be3d-2015da0dcbd9?project=632446580863"},{"name":"SERVICE","state":"NOT_STARTED"}],"operationType":"CREATE_FUNCTION","buildName":"projects/632446580863/locations/asia-south1/builds/d86131e1-5dad-4caf-be3d-2015da0dcbd9"},"done":false}
[debug] [2026-09-04T15:56:49.019Z] [create-default-asia-south1-loginStaff] Retrying task index 0
[debug] [2026-09-04T15:56:49.019Z] Checked if tokens are valid: true, expires at: 1788540932964
[debug] [2026-09-04T15:56:49.019Z] Checked if tokens are valid: true, expires at: 1788540932964
[debug] [2026-09-04T15:56:49.019Z] >>> [apiv2][query] GET https://cloudfunctions.googleapis.com/v2/projects/batchfee-477b8/locations/asia-south1/operations/operation-1788537405286-65aaa50b5a9a7-49b3052d-131e4d72 [none]
[debug] [2026-09-04T15:56:49.485Z] <<< [apiv2][status] GET https://cloudfunctions.googleapis.com/v2/projects/batchfee-477b8/locations/asia-south1/operations/operation-1788537405286-65aaa50b5a9a7-49b3052d-131e4d72 200
[debug] [2026-09-04T15:56:49.486Z] <<< [apiv2][body] GET https://cloudfunctions.googleapis.com/v2/projects/batchfee-477b8/locations/asia-south1/operations/operation-1788537405286-65aaa50b5a9a7-49b3052d-131e4d72 {"name":"projects/batchfee-477b8/locations/asia-south1/operations/operation-1788537405286-65aaa50b5a9a7-49b3052d-131e4d72","metadata":{"@type":"type.googleapis.com/google.cloud.functions.v2.OperationMetadata","createTime":"2026-09-04T15:56:46.313884099Z","target":"projects/batchfee-477b8/locations/asia-south1/functions/loginStaff","verb":"create","cancelRequested":false,"apiVersion":"v2","requestResource":{"@type":"type.googleapis.com/google.cloud.functions.v2.Function","name":"projects/batchfee-477b8/locations/asia-south1/functions/loginStaff","buildConfig":{"runtime":"nodejs22","entryPoint":"loginStaff","source":{"storageSource":{"bucket":"gcf-v2-sources-632446580863-asia-south1","object":"loginStaff/function-source.zip","generation":"1788537405527025"}},"environmentVariables":{"GOOGLE_NODE_RUN_SCRIPTS":""},"serviceAccount":"projects/batchfee-477b8/serviceAccounts/632446580863-compute@developer.gserviceaccount.com","automaticUpdatePolicy":{}},"serviceConfig":{"service":"projects/batchfee-477b8/locations/asia-south1/services/loginstaff","timeoutSeconds":30,"environmentVariables":{"FIREBASE_CONFIG":"{\"projectId\":\"batchfee-477b8\",\"storageBucket\":\"batchfee-477b8.firebasestorage.app\"}","GCLOUD_PROJECT":"batchfee-477b8","EVENTARC_CLOUD_EVENT_SOURCE":"projects/batchfee-477b8/locations/asia-south1/services/loginStaff","FUNCTION_REGION":"asia-south1","FUNCTION_TARGET":"loginStaff","LOG_EXECUTION_ID":"true"},"ingressSettings":"ALLOW_ALL","serviceAccountEmail":"632446580863-compute@developer.gserviceaccount.com","availableMemory":"256Mi","maxInstanceRequestConcurrency":80,"availableCpu":"1"},"labels":{"deployment-tool":"cli-firebase","deployment-callable":"true","firebase-functions-hash":"ce3b96c84f25af9c82fa660f212857f9880eab9b"},"environment":"GEN_2"},"stages":[{"name":"BUILD","message":"Build in progress","state":"IN_PROGRESS","resource":"projects/632446580863/locations/asia-south1/builds/c2526dd7-17cc-48dc-9713-f7be0cf79753","resourceUri":"https://console.cloud.google.com/cloud-build/builds;region=asia-south1/c2526dd7-17cc-48dc-9713-f7be0cf79753?project=632446580863"},{"name":"SERVICE","state":"NOT_STARTED"}],"operationType":"CREATE_FUNCTION","buildName":"projects/632446580863/locations/asia-south1/builds/c2526dd7-17cc-48dc-9713-f7be0cf79753"},"done":false}
[debug] [2026-09-04T15:56:51.014Z] [create-default-asia-south1-provisionStaffAccount] Retrying task index 0
[debug] [2026-09-04T15:56:51.015Z] Checked if tokens are valid: true, expires at: 1788540932964
[debug] [2026-09-04T15:56:51.015Z] Checked if tokens are valid: true, expires at: 1788540932964
[debug] [2026-09-04T15:56:51.015Z] >>> [apiv2][query] GET https://cloudfunctions.googleapis.com/v2/projects/batchfee-477b8/locations/asia-south1/operations/operation-1788537405015-65aaa50b18476-f70936ff-704f8814 [none]
[debug] [2026-09-04T15:56:51.482Z] <<< [apiv2][status] GET https://cloudfunctions.googleapis.com/v2/projects/batchfee-477b8/locations/asia-south1/operations/operation-1788537405015-65aaa50b18476-f70936ff-704f8814 200
[debug] [2026-09-04T15:56:51.482Z] <<< [apiv2][body] GET https://cloudfunctions.googleapis.com/v2/projects/batchfee-477b8/locations/asia-south1/operations/operation-1788537405015-65aaa50b18476-f70936ff-704f8814 {"name":"projects/batchfee-477b8/locations/asia-south1/operations/operation-1788537405015-65aaa50b18476-f70936ff-704f8814","metadata":{"@type":"type.googleapis.com/google.cloud.functions.v2.OperationMetadata","createTime":"2026-09-04T15:56:46.014300007Z","target":"projects/batchfee-477b8/locations/asia-south1/functions/provisionStaffAccount","verb":"create","cancelRequested":false,"apiVersion":"v2","requestResource":{"@type":"type.googleapis.com/google.cloud.functions.v2.Function","name":"projects/batchfee-477b8/locations/asia-south1/functions/provisionStaffAccount","buildConfig":{"runtime":"nodejs22","entryPoint":"provisionStaffAccount","source":{"storageSource":{"bucket":"gcf-v2-sources-632446580863-asia-south1","object":"provisionStaffAccount/function-source.zip","generation":"1788537405273071"}},"environmentVariables":{"GOOGLE_NODE_RUN_SCRIPTS":""},"serviceAccount":"projects/batchfee-477b8/serviceAccounts/632446580863-compute@developer.gserviceaccount.com","automaticUpdatePolicy":{}},"serviceConfig":{"service":"projects/batchfee-477b8/locations/asia-south1/services/provisionstaffaccount","timeoutSeconds":60,"environmentVariables":{"FIREBASE_CONFIG":"{\"projectId\":\"batchfee-477b8\",\"storageBucket\":\"batchfee-477b8.firebasestorage.app\"}","GCLOUD_PROJECT":"batchfee-477b8","EVENTARC_CLOUD_EVENT_SOURCE":"projects/batchfee-477b8/locations/asia-south1/services/provisionStaffAccount","FUNCTION_REGION":"asia-south1","FUNCTION_TARGET":"provisionStaffAccount","LOG_EXECUTION_ID":"true"},"ingressSettings":"ALLOW_ALL","serviceAccountEmail":"632446580863-compute@developer.gserviceaccount.com","availableMemory":"512Mi","maxInstanceRequestConcurrency":80,"availableCpu":"1"},"labels":{"deployment-tool":"cli-firebase","deployment-callable":"true","firebase-functions-hash":"ce3b96c84f25af9c82fa660f212857f9880eab9b"},"environment":"GEN_2"},"stages":[{"name":"BUILD","message":"Build in progress","state":"IN_PROGRESS","resource":"projects/632446580863/locations/asia-south1/builds/d86131e1-5dad-4caf-be3d-2015da0dcbd9","resourceUri":"https://console.cloud.google.com/cloud-build/builds;region=asia-south1/d86131e1-5dad-4caf-be3d-2015da0dcbd9?project=632446580863"},{"name":"SERVICE","state":"NOT_STARTED"}],"operationType":"CREATE_FUNCTION","buildName":"projects/632446580863/locations/asia-south1/builds/d86131e1-5dad-4caf-be3d-2015da0dcbd9"},"done":false}
[debug] [2026-09-04T15:56:51.498Z] [create-default-asia-south1-loginStaff] Retrying task index 0
[debug] [2026-09-04T15:56:51.498Z] Checked if tokens are valid: true, expires at: 1788540932964
[debug] [2026-09-04T15:56:51.498Z] Checked if tokens are valid: true, expires at: 1788540932964
[debug] [2026-09-04T15:56:51.498Z] >>> [apiv2][query] GET https://cloudfunctions.googleapis.com/v2/projects/batchfee-477b8/locations/asia-south1/operations/operation-1788537405286-65aaa50b5a9a7-49b3052d-131e4d72 [none]
[debug] [2026-09-04T15:56:51.951Z] <<< [apiv2][status] GET https://cloudfunctions.googleapis.com/v2/projects/batchfee-477b8/locations/asia-south1/operations/operation-1788537405286-65aaa50b5a9a7-49b3052d-131e4d72 200
[debug] [2026-09-04T15:56:51.951Z] <<< [apiv2][body] GET https://cloudfunctions.googleapis.com/v2/projects/batchfee-477b8/locations/asia-south1/operations/operation-1788537405286-65aaa50b5a9a7-49b3052d-131e4d72 {"name":"projects/batchfee-477b8/locations/asia-south1/operations/operation-1788537405286-65aaa50b5a9a7-49b3052d-131e4d72","metadata":{"@type":"type.googleapis.com/google.cloud.functions.v2.OperationMetadata","createTime":"2026-09-04T15:56:46.313884099Z","target":"projects/batchfee-477b8/locations/asia-south1/functions/loginStaff","verb":"create","cancelRequested":false,"apiVersion":"v2","requestResource":{"@type":"type.googleapis.com/google.cloud.functions.v2.Function","name":"projects/batchfee-477b8/locations/asia-south1/functions/loginStaff","buildConfig":{"runtime":"nodejs22","entryPoint":"loginStaff","source":{"storageSource":{"bucket":"gcf-v2-sources-632446580863-asia-south1","object":"loginStaff/function-source.zip","generation":"1788537405527025"}},"environmentVariables":{"GOOGLE_NODE_RUN_SCRIPTS":""},"serviceAccount":"projects/batchfee-477b8/serviceAccounts/632446580863-compute@developer.gserviceaccount.com","automaticUpdatePolicy":{}},"serviceConfig":{"service":"projects/batchfee-477b8/locations/asia-south1/services/loginstaff","timeoutSeconds":30,"environmentVariables":{"FIREBASE_CONFIG":"{\"projectId\":\"batchfee-477b8\",\"storageBucket\":\"batchfee-477b8.firebasestorage.app\"}","GCLOUD_PROJECT":"batchfee-477b8","EVENTARC_CLOUD_EVENT_SOURCE":"projects/batchfee-477b8/locations/asia-south1/services/loginStaff","FUNCTION_REGION":"asia-south1","FUNCTION_TARGET":"loginStaff","LOG_EXECUTION_ID":"true"},"ingressSettings":"ALLOW_ALL","serviceAccountEmail":"632446580863-compute@developer.gserviceaccount.com","availableMemory":"256Mi","maxInstanceRequestConcurrency":80,"availableCpu":"1"},"labels":{"deployment-tool":"cli-firebase","deployment-callable":"true","firebase-functions-hash":"ce3b96c84f25af9c82fa660f212857f9880eab9b"},"environment":"GEN_2"},"stages":[{"name":"BUILD","message":"Build in progress","state":"IN_PROGRESS","resource":"projects/632446580863/locations/asia-south1/builds/c2526dd7-17cc-48dc-9713-f7be0cf79753","resourceUri":"https://console.cloud.google.com/cloud-build/builds;region=asia-south1/c2526dd7-17cc-48dc-9713-f7be0cf79753?project=632446580863"},{"name":"SERVICE","state":"NOT_STARTED"}],"operationType":"CREATE_FUNCTION","buildName":"projects/632446580863/locations/asia-south1/builds/c2526dd7-17cc-48dc-9713-f7be0cf79753"},"done":false}
[debug] [2026-09-04T15:56:55.483Z] [create-default-asia-south1-provisionStaffAccount] Retrying task index 0
[debug] [2026-09-04T15:56:55.483Z] Checked if tokens are valid: true, expires at: 1788540932964
[debug] [2026-09-04T15:56:55.483Z] Checked if tokens are valid: true, expires at: 1788540932964
[debug] [2026-09-04T15:56:55.483Z] >>> [apiv2][query] GET https://cloudfunctions.googleapis.com/v2/projects/batchfee-477b8/locations/asia-south1/operations/operation-1788537405015-65aaa50b18476-f70936ff-704f8814 [none]
[debug] [2026-09-04T15:56:55.667Z] <<< [apiv2][status] GET https://cloudfunctions.googleapis.com/v2/projects/batchfee-477b8/locations/asia-south1/operations/operation-1788537405015-65aaa50b18476-f70936ff-704f8814 200
[debug] [2026-09-04T15:56:55.668Z] <<< [apiv2][body] GET https://cloudfunctions.googleapis.com/v2/projects/batchfee-477b8/locations/asia-south1/operations/operation-1788537405015-65aaa50b18476-f70936ff-704f8814 {"name":"projects/batchfee-477b8/locations/asia-south1/operations/operation-1788537405015-65aaa50b18476-f70936ff-704f8814","metadata":{"@type":"type.googleapis.com/google.cloud.functions.v2.OperationMetadata","createTime":"2026-09-04T15:56:46.014300007Z","target":"projects/batchfee-477b8/locations/asia-south1/functions/provisionStaffAccount","verb":"create","cancelRequested":false,"apiVersion":"v2","requestResource":{"@type":"type.googleapis.com/google.cloud.functions.v2.Function","name":"projects/batchfee-477b8/locations/asia-south1/functions/provisionStaffAccount","buildConfig":{"runtime":"nodejs22","entryPoint":"provisionStaffAccount","source":{"storageSource":{"bucket":"gcf-v2-sources-632446580863-asia-south1","object":"provisionStaffAccount/function-source.zip","generation":"1788537405273071"}},"environmentVariables":{"GOOGLE_NODE_RUN_SCRIPTS":""},"serviceAccount":"projects/batchfee-477b8/serviceAccounts/632446580863-compute@developer.gserviceaccount.com","automaticUpdatePolicy":{}},"serviceConfig":{"service":"projects/batchfee-477b8/locations/asia-south1/services/provisionstaffaccount","timeoutSeconds":60,"environmentVariables":{"FIREBASE_CONFIG":"{\"projectId\":\"batchfee-477b8\",\"storageBucket\":\"batchfee-477b8.firebasestorage.app\"}","GCLOUD_PROJECT":"batchfee-477b8","EVENTARC_CLOUD_EVENT_SOURCE":"projects/batchfee-477b8/locations/asia-south1/services/provisionStaffAccount","FUNCTION_REGION":"asia-south1","FUNCTION_TARGET":"provisionStaffAccount","LOG_EXECUTION_ID":"true"},"ingressSettings":"ALLOW_ALL","serviceAccountEmail":"632446580863-compute@developer.gserviceaccount.com","availableMemory":"512Mi","maxInstanceRequestConcurrency":80,"availableCpu":"1"},"labels":{"deployment-tool":"cli-firebase","deployment-callable":"true","firebase-functions-hash":"ce3b96c84f25af9c82fa660f212857f9880eab9b"},"environment":"GEN_2"},"stages":[{"name":"BUILD","message":"Build in progress","state":"IN_PROGRESS","resource":"projects/632446580863/locations/asia-south1/builds/d86131e1-5dad-4caf-be3d-2015da0dcbd9","resourceUri":"https://console.cloud.google.com/cloud-build/builds;region=asia-south1/d86131e1-5dad-4caf-be3d-2015da0dcbd9?project=632446580863"},{"name":"SERVICE","state":"NOT_STARTED"}],"operationType":"CREATE_FUNCTION","buildName":"projects/632446580863/locations/asia-south1/builds/d86131e1-5dad-4caf-be3d-2015da0dcbd9"},"done":false}
[debug] [2026-09-04T15:56:55.963Z] [create-default-asia-south1-loginStaff] Retrying task index 0
[debug] [2026-09-04T15:56:55.963Z] Checked if tokens are valid: true, expires at: 1788540932964
[debug] [2026-09-04T15:56:55.963Z] Checked if tokens are valid: true, expires at: 1788540932964
[debug] [2026-09-04T15:56:55.963Z] >>> [apiv2][query] GET https://cloudfunctions.googleapis.com/v2/projects/batchfee-477b8/locations/asia-south1/operations/operation-1788537405286-65aaa50b5a9a7-49b3052d-131e4d72 [none]
[debug] [2026-09-04T15:56:56.148Z] <<< [apiv2][status] GET https://cloudfunctions.googleapis.com/v2/projects/batchfee-477b8/locations/asia-south1/operations/operation-1788537405286-65aaa50b5a9a7-49b3052d-131e4d72 200
[debug] [2026-09-04T15:56:56.149Z] <<< [apiv2][body] GET https://cloudfunctions.googleapis.com/v2/projects/batchfee-477b8/locations/asia-south1/operations/operation-1788537405286-65aaa50b5a9a7-49b3052d-131e4d72 {"name":"projects/batchfee-477b8/locations/asia-south1/operations/operation-1788537405286-65aaa50b5a9a7-49b3052d-131e4d72","metadata":{"@type":"type.googleapis.com/google.cloud.functions.v2.OperationMetadata","createTime":"2026-09-04T15:56:46.313884099Z","target":"projects/batchfee-477b8/locations/asia-south1/functions/loginStaff","verb":"create","cancelRequested":false,"apiVersion":"v2","requestResource":{"@type":"type.googleapis.com/google.cloud.functions.v2.Function","name":"projects/batchfee-477b8/locations/asia-south1/functions/loginStaff","buildConfig":{"runtime":"nodejs22","entryPoint":"loginStaff","source":{"storageSource":{"bucket":"gcf-v2-sources-632446580863-asia-south1","object":"loginStaff/function-source.zip","generation":"1788537405527025"}},"environmentVariables":{"GOOGLE_NODE_RUN_SCRIPTS":""},"serviceAccount":"projects/batchfee-477b8/serviceAccounts/632446580863-compute@developer.gserviceaccount.com","automaticUpdatePolicy":{}},"serviceConfig":{"service":"projects/batchfee-477b8/locations/asia-south1/services/loginstaff","timeoutSeconds":30,"environmentVariables":{"FIREBASE_CONFIG":"{\"projectId\":\"batchfee-477b8\",\"storageBucket\":\"batchfee-477b8.firebasestorage.app\"}","GCLOUD_PROJECT":"batchfee-477b8","EVENTARC_CLOUD_EVENT_SOURCE":"projects/batchfee-477b8/locations/asia-south1/services/loginStaff","FUNCTION_REGION":"asia-south1","FUNCTION_TARGET":"loginStaff","LOG_EXECUTION_ID":"true"},"ingressSettings":"ALLOW_ALL","serviceAccountEmail":"632446580863-compute@developer.gserviceaccount.com","availableMemory":"256Mi","maxInstanceRequestConcurrency":80,"availableCpu":"1"},"labels":{"deployment-tool":"cli-firebase","deployment-callable":"true","firebase-functions-hash":"ce3b96c84f25af9c82fa660f212857f9880eab9b"},"environment":"GEN_2"},"stages":[{"name":"BUILD","message":"Build in progress","state":"IN_PROGRESS","resource":"projects/632446580863/locations/asia-south1/builds/c2526dd7-17cc-48dc-9713-f7be0cf79753","resourceUri":"https://console.cloud.google.com/cloud-build/builds;region=asia-south1/c2526dd7-17cc-48dc-9713-f7be0cf79753?project=632446580863"},{"name":"SERVICE","state":"NOT_STARTED"}],"operationType":"CREATE_FUNCTION","buildName":"projects/632446580863/locations/asia-south1/builds/c2526dd7-17cc-48dc-9713-f7be0cf79753"},"done":false}
[debug] [2026-09-04T15:57:03.677Z] [create-default-asia-south1-provisionStaffAccount] Retrying task index 0
[debug] [2026-09-04T15:57:03.678Z] Checked if tokens are valid: true, expires at: 1788540932964
[debug] [2026-09-04T15:57:03.678Z] Checked if tokens are valid: true, expires at: 1788540932964
[debug] [2026-09-04T15:57:03.678Z] >>> [apiv2][query] GET https://cloudfunctions.googleapis.com/v2/projects/batchfee-477b8/locations/asia-south1/operations/operation-1788537405015-65aaa50b18476-f70936ff-704f8814 [none]
[debug] [2026-09-04T15:57:04.159Z] [create-default-asia-south1-loginStaff] Retrying task index 0
[debug] [2026-09-04T15:57:04.159Z] Checked if tokens are valid: true, expires at: 1788540932964
[debug] [2026-09-04T15:57:04.159Z] Checked if tokens are valid: true, expires at: 1788540932964
[debug] [2026-09-04T15:57:04.159Z] >>> [apiv2][query] GET https://cloudfunctions.googleapis.com/v2/projects/batchfee-477b8/locations/asia-south1/operations/operation-1788537405286-65aaa50b5a9a7-49b3052d-131e4d72 [none]
[debug] [2026-09-04T15:57:04.230Z] <<< [apiv2][status] GET https://cloudfunctions.googleapis.com/v2/projects/batchfee-477b8/locations/asia-south1/operations/operation-1788537405015-65aaa50b18476-f70936ff-704f8814 200
[debug] [2026-09-04T15:57:04.230Z] <<< [apiv2][body] GET https://cloudfunctions.googleapis.com/v2/projects/batchfee-477b8/locations/asia-south1/operations/operation-1788537405015-65aaa50b18476-f70936ff-704f8814 {"name":"projects/batchfee-477b8/locations/asia-south1/operations/operation-1788537405015-65aaa50b18476-f70936ff-704f8814","metadata":{"@type":"type.googleapis.com/google.cloud.functions.v2.OperationMetadata","createTime":"2026-09-04T15:56:46.014300007Z","target":"projects/batchfee-477b8/locations/asia-south1/functions/provisionStaffAccount","verb":"create","cancelRequested":false,"apiVersion":"v2","requestResource":{"@type":"type.googleapis.com/google.cloud.functions.v2.Function","name":"projects/batchfee-477b8/locations/asia-south1/functions/provisionStaffAccount","buildConfig":{"runtime":"nodejs22","entryPoint":"provisionStaffAccount","source":{"storageSource":{"bucket":"gcf-v2-sources-632446580863-asia-south1","object":"provisionStaffAccount/function-source.zip","generation":"1788537405273071"}},"environmentVariables":{"GOOGLE_NODE_RUN_SCRIPTS":""},"serviceAccount":"projects/batchfee-477b8/serviceAccounts/632446580863-compute@developer.gserviceaccount.com","automaticUpdatePolicy":{}},"serviceConfig":{"service":"projects/batchfee-477b8/locations/asia-south1/services/provisionstaffaccount","timeoutSeconds":60,"environmentVariables":{"FIREBASE_CONFIG":"{\"projectId\":\"batchfee-477b8\",\"storageBucket\":\"batchfee-477b8.firebasestorage.app\"}","GCLOUD_PROJECT":"batchfee-477b8","EVENTARC_CLOUD_EVENT_SOURCE":"projects/batchfee-477b8/locations/asia-south1/services/provisionStaffAccount","FUNCTION_REGION":"asia-south1","FUNCTION_TARGET":"provisionStaffAccount","LOG_EXECUTION_ID":"true"},"ingressSettings":"ALLOW_ALL","serviceAccountEmail":"632446580863-compute@developer.gserviceaccount.com","availableMemory":"512Mi","maxInstanceRequestConcurrency":80,"availableCpu":"1"},"labels":{"deployment-tool":"cli-firebase","deployment-callable":"true","firebase-functions-hash":"ce3b96c84f25af9c82fa660f212857f9880eab9b"},"environment":"GEN_2"},"stages":[{"name":"BUILD","message":"Build in progress","state":"IN_PROGRESS","resource":"projects/632446580863/locations/asia-south1/builds/d86131e1-5dad-4caf-be3d-2015da0dcbd9","resourceUri":"https://console.cloud.google.com/cloud-build/builds;region=asia-south1/d86131e1-5dad-4caf-be3d-2015da0dcbd9?project=632446580863"},{"name":"SERVICE","state":"NOT_STARTED"}],"operationType":"CREATE_FUNCTION","buildName":"projects/632446580863/locations/asia-south1/builds/d86131e1-5dad-4caf-be3d-2015da0dcbd9"},"done":false}
[debug] [2026-09-04T15:57:04.718Z] <<< [apiv2][status] GET https://cloudfunctions.googleapis.com/v2/projects/batchfee-477b8/locations/asia-south1/operations/operation-1788537405286-65aaa50b5a9a7-49b3052d-131e4d72 200
[debug] [2026-09-04T15:57:04.718Z] <<< [apiv2][body] GET https://cloudfunctions.googleapis.com/v2/projects/batchfee-477b8/locations/asia-south1/operations/operation-1788537405286-65aaa50b5a9a7-49b3052d-131e4d72 {"name":"projects/batchfee-477b8/locations/asia-south1/operations/operation-1788537405286-65aaa50b5a9a7-49b3052d-131e4d72","metadata":{"@type":"type.googleapis.com/google.cloud.functions.v2.OperationMetadata","createTime":"2026-09-04T15:56:46.313884099Z","target":"projects/batchfee-477b8/locations/asia-south1/functions/loginStaff","verb":"create","cancelRequested":false,"apiVersion":"v2","requestResource":{"@type":"type.googleapis.com/google.cloud.functions.v2.Function","name":"projects/batchfee-477b8/locations/asia-south1/functions/loginStaff","buildConfig":{"runtime":"nodejs22","entryPoint":"loginStaff","source":{"storageSource":{"bucket":"gcf-v2-sources-632446580863-asia-south1","object":"loginStaff/function-source.zip","generation":"1788537405527025"}},"environmentVariables":{"GOOGLE_NODE_RUN_SCRIPTS":""},"serviceAccount":"projects/batchfee-477b8/serviceAccounts/632446580863-compute@developer.gserviceaccount.com","automaticUpdatePolicy":{}},"serviceConfig":{"service":"projects/batchfee-477b8/locations/asia-south1/services/loginstaff","timeoutSeconds":30,"environmentVariables":{"FIREBASE_CONFIG":"{\"projectId\":\"batchfee-477b8\",\"storageBucket\":\"batchfee-477b8.firebasestorage.app\"}","GCLOUD_PROJECT":"batchfee-477b8","EVENTARC_CLOUD_EVENT_SOURCE":"projects/batchfee-477b8/locations/asia-south1/services/loginStaff","FUNCTION_REGION":"asia-south1","FUNCTION_TARGET":"loginStaff","LOG_EXECUTION_ID":"true"},"ingressSettings":"ALLOW_ALL","serviceAccountEmail":"632446580863-compute@developer.gserviceaccount.com","availableMemory":"256Mi","maxInstanceRequestConcurrency":80,"availableCpu":"1"},"labels":{"deployment-tool":"cli-firebase","deployment-callable":"true","firebase-functions-hash":"ce3b96c84f25af9c82fa660f212857f9880eab9b"},"environment":"GEN_2"},"stages":[{"name":"BUILD","message":"Build in progress","state":"IN_PROGRESS","resource":"projects/632446580863/locations/asia-south1/builds/c2526dd7-17cc-48dc-9713-f7be0cf79753","resourceUri":"https://console.cloud.google.com/cloud-build/builds;region=asia-south1/c2526dd7-17cc-48dc-9713-f7be0cf79753?project=632446580863"},{"name":"SERVICE","state":"NOT_STARTED"}],"operationType":"CREATE_FUNCTION","buildName":"projects/632446580863/locations/asia-south1/builds/c2526dd7-17cc-48dc-9713-f7be0cf79753"},"done":false}
[debug] [2026-09-04T15:57:14.243Z] [create-default-asia-south1-provisionStaffAccount] Retrying task index 0
[debug] [2026-09-04T15:57:14.243Z] Checked if tokens are valid: true, expires at: 1788540932964
[debug] [2026-09-04T15:57:14.244Z] Checked if tokens are valid: true, expires at: 1788540932964
[debug] [2026-09-04T15:57:14.244Z] >>> [apiv2][query] GET https://cloudfunctions.googleapis.com/v2/projects/batchfee-477b8/locations/asia-south1/operations/operation-1788537405015-65aaa50b18476-f70936ff-704f8814 [none]
[debug] [2026-09-04T15:57:14.730Z] [create-default-asia-south1-loginStaff] Retrying task index 0
[debug] [2026-09-04T15:57:14.730Z] Checked if tokens are valid: true, expires at: 1788540932964
[debug] [2026-09-04T15:57:14.730Z] Checked if tokens are valid: true, expires at: 1788540932964
[debug] [2026-09-04T15:57:14.730Z] >>> [apiv2][query] GET https://cloudfunctions.googleapis.com/v2/projects/batchfee-477b8/locations/asia-south1/operations/operation-1788537405286-65aaa50b5a9a7-49b3052d-131e4d72 [none]
[debug] [2026-09-04T15:57:14.804Z] <<< [apiv2][status] GET https://cloudfunctions.googleapis.com/v2/projects/batchfee-477b8/locations/asia-south1/operations/operation-1788537405015-65aaa50b18476-f70936ff-704f8814 200
[debug] [2026-09-04T15:57:14.804Z] <<< [apiv2][body] GET https://cloudfunctions.googleapis.com/v2/projects/batchfee-477b8/locations/asia-south1/operations/operation-1788537405015-65aaa50b18476-f70936ff-704f8814 {"name":"projects/batchfee-477b8/locations/asia-south1/operations/operation-1788537405015-65aaa50b18476-f70936ff-704f8814","metadata":{"@type":"type.googleapis.com/google.cloud.functions.v2.OperationMetadata","createTime":"2026-09-04T15:56:46.014300007Z","target":"projects/batchfee-477b8/locations/asia-south1/functions/provisionStaffAccount","verb":"create","cancelRequested":false,"apiVersion":"v2","requestResource":{"@type":"type.googleapis.com/google.cloud.functions.v2.Function","name":"projects/batchfee-477b8/locations/asia-south1/functions/provisionStaffAccount","buildConfig":{"runtime":"nodejs22","entryPoint":"provisionStaffAccount","source":{"storageSource":{"bucket":"gcf-v2-sources-632446580863-asia-south1","object":"provisionStaffAccount/function-source.zip","generation":"1788537405273071"}},"environmentVariables":{"GOOGLE_NODE_RUN_SCRIPTS":""},"serviceAccount":"projects/batchfee-477b8/serviceAccounts/632446580863-compute@developer.gserviceaccount.com","automaticUpdatePolicy":{}},"serviceConfig":{"service":"projects/batchfee-477b8/locations/asia-south1/services/provisionstaffaccount","timeoutSeconds":60,"environmentVariables":{"FIREBASE_CONFIG":"{\"projectId\":\"batchfee-477b8\",\"storageBucket\":\"batchfee-477b8.firebasestorage.app\"}","GCLOUD_PROJECT":"batchfee-477b8","EVENTARC_CLOUD_EVENT_SOURCE":"projects/batchfee-477b8/locations/asia-south1/services/provisionStaffAccount","FUNCTION_REGION":"asia-south1","FUNCTION_TARGET":"provisionStaffAccount","LOG_EXECUTION_ID":"true"},"ingressSettings":"ALLOW_ALL","serviceAccountEmail":"632446580863-compute@developer.gserviceaccount.com","availableMemory":"512Mi","maxInstanceRequestConcurrency":80,"availableCpu":"1"},"labels":{"deployment-tool":"cli-firebase","deployment-callable":"true","firebase-functions-hash":"ce3b96c84f25af9c82fa660f212857f9880eab9b"},"environment":"GEN_2"},"stages":[{"name":"BUILD","message":"Build in progress","state":"IN_PROGRESS","resource":"projects/632446580863/locations/asia-south1/builds/d86131e1-5dad-4caf-be3d-2015da0dcbd9","resourceUri":"https://console.cloud.google.com/cloud-build/builds;region=asia-south1/d86131e1-5dad-4caf-be3d-2015da0dcbd9?project=632446580863"},{"name":"SERVICE","state":"NOT_STARTED"}],"operationType":"CREATE_FUNCTION","buildName":"projects/632446580863/locations/asia-south1/builds/d86131e1-5dad-4caf-be3d-2015da0dcbd9"},"done":false}
[debug] [2026-09-04T15:57:15.303Z] <<< [apiv2][status] GET https://cloudfunctions.googleapis.com/v2/projects/batchfee-477b8/locations/asia-south1/operations/operation-1788537405286-65aaa50b5a9a7-49b3052d-131e4d72 200
[debug] [2026-09-04T15:57:15.304Z] <<< [apiv2][body] GET https://cloudfunctions.googleapis.com/v2/projects/batchfee-477b8/locations/asia-south1/operations/operation-1788537405286-65aaa50b5a9a7-49b3052d-131e4d72 {"name":"projects/batchfee-477b8/locations/asia-south1/operations/operation-1788537405286-65aaa50b5a9a7-49b3052d-131e4d72","metadata":{"@type":"type.googleapis.com/google.cloud.functions.v2.OperationMetadata","createTime":"2026-09-04T15:56:46.313884099Z","target":"projects/batchfee-477b8/locations/asia-south1/functions/loginStaff","verb":"create","cancelRequested":false,"apiVersion":"v2","requestResource":{"@type":"type.googleapis.com/google.cloud.functions.v2.Function","name":"projects/batchfee-477b8/locations/asia-south1/functions/loginStaff","buildConfig":{"runtime":"nodejs22","entryPoint":"loginStaff","source":{"storageSource":{"bucket":"gcf-v2-sources-632446580863-asia-south1","object":"loginStaff/function-source.zip","generation":"1788537405527025"}},"environmentVariables":{"GOOGLE_NODE_RUN_SCRIPTS":""},"serviceAccount":"projects/batchfee-477b8/serviceAccounts/632446580863-compute@developer.gserviceaccount.com","automaticUpdatePolicy":{}},"serviceConfig":{"service":"projects/batchfee-477b8/locations/asia-south1/services/loginstaff","timeoutSeconds":30,"environmentVariables":{"FIREBASE_CONFIG":"{\"projectId\":\"batchfee-477b8\",\"storageBucket\":\"batchfee-477b8.firebasestorage.app\"}","GCLOUD_PROJECT":"batchfee-477b8","EVENTARC_CLOUD_EVENT_SOURCE":"projects/batchfee-477b8/locations/asia-south1/services/loginStaff","FUNCTION_REGION":"asia-south1","FUNCTION_TARGET":"loginStaff","LOG_EXECUTION_ID":"true"},"ingressSettings":"ALLOW_ALL","serviceAccountEmail":"632446580863-compute@developer.gserviceaccount.com","availableMemory":"256Mi","maxInstanceRequestConcurrency":80,"availableCpu":"1"},"labels":{"deployment-tool":"cli-firebase","deployment-callable":"true","firebase-functions-hash":"ce3b96c84f25af9c82fa660f212857f9880eab9b"},"environment":"GEN_2"},"stages":[{"name":"BUILD","message":"Build in progress","state":"IN_PROGRESS","resource":"projects/632446580863/locations/asia-south1/builds/c2526dd7-17cc-48dc-9713-f7be0cf79753","resourceUri":"https://console.cloud.google.com/cloud-build/builds;region=asia-south1/c2526dd7-17cc-48dc-9713-f7be0cf79753?project=632446580863"},{"name":"SERVICE","state":"NOT_STARTED"}],"operationType":"CREATE_FUNCTION","buildName":"projects/632446580863/locations/asia-south1/builds/c2526dd7-17cc-48dc-9713-f7be0cf79753"},"done":false}
[debug] [2026-09-04T15:57:24.816Z] [create-default-asia-south1-provisionStaffAccount] Retrying task index 0
[debug] [2026-09-04T15:57:24.817Z] Checked if tokens are valid: true, expires at: 1788540932964
[debug] [2026-09-04T15:57:24.817Z] Checked if tokens are valid: true, expires at: 1788540932964
[debug] [2026-09-04T15:57:24.817Z] >>> [apiv2][query] GET https://cloudfunctions.googleapis.com/v2/projects/batchfee-477b8/locations/asia-south1/operations/operation-1788537405015-65aaa50b18476-f70936ff-704f8814 [none]
[debug] [2026-09-04T15:57:25.316Z] [create-default-asia-south1-loginStaff] Retrying task index 0
[debug] [2026-09-04T15:57:25.316Z] Checked if tokens are valid: true, expires at: 1788540932964
[debug] [2026-09-04T15:57:25.316Z] Checked if tokens are valid: true, expires at: 1788540932964
[debug] [2026-09-04T15:57:25.316Z] >>> [apiv2][query] GET https://cloudfunctions.googleapis.com/v2/projects/batchfee-477b8/locations/asia-south1/operations/operation-1788537405286-65aaa50b5a9a7-49b3052d-131e4d72 [none]
[debug] [2026-09-04T15:57:25.357Z] <<< [apiv2][status] GET https://cloudfunctions.googleapis.com/v2/projects/batchfee-477b8/locations/asia-south1/operations/operation-1788537405015-65aaa50b18476-f70936ff-704f8814 200
[debug] [2026-09-04T15:57:25.357Z] <<< [apiv2][body] GET https://cloudfunctions.googleapis.com/v2/projects/batchfee-477b8/locations/asia-south1/operations/operation-1788537405015-65aaa50b18476-f70936ff-704f8814 {"name":"projects/batchfee-477b8/locations/asia-south1/operations/operation-1788537405015-65aaa50b18476-f70936ff-704f8814","metadata":{"@type":"type.googleapis.com/google.cloud.functions.v2.OperationMetadata","createTime":"2026-09-04T15:56:46.014300007Z","target":"projects/batchfee-477b8/locations/asia-south1/functions/provisionStaffAccount","verb":"create","cancelRequested":false,"apiVersion":"v2","requestResource":{"@type":"type.googleapis.com/google.cloud.functions.v2.Function","name":"projects/batchfee-477b8/locations/asia-south1/functions/provisionStaffAccount","buildConfig":{"runtime":"nodejs22","entryPoint":"provisionStaffAccount","source":{"storageSource":{"bucket":"gcf-v2-sources-632446580863-asia-south1","object":"provisionStaffAccount/function-source.zip","generation":"1788537405273071"}},"environmentVariables":{"GOOGLE_NODE_RUN_SCRIPTS":""},"serviceAccount":"projects/batchfee-477b8/serviceAccounts/632446580863-compute@developer.gserviceaccount.com","automaticUpdatePolicy":{}},"serviceConfig":{"service":"projects/batchfee-477b8/locations/asia-south1/services/provisionstaffaccount","timeoutSeconds":60,"environmentVariables":{"FIREBASE_CONFIG":"{\"projectId\":\"batchfee-477b8\",\"storageBucket\":\"batchfee-477b8.firebasestorage.app\"}","GCLOUD_PROJECT":"batchfee-477b8","EVENTARC_CLOUD_EVENT_SOURCE":"projects/batchfee-477b8/locations/asia-south1/services/provisionStaffAccount","FUNCTION_REGION":"asia-south1","FUNCTION_TARGET":"provisionStaffAccount","LOG_EXECUTION_ID":"true"},"ingressSettings":"ALLOW_ALL","serviceAccountEmail":"632446580863-compute@developer.gserviceaccount.com","availableMemory":"512Mi","maxInstanceRequestConcurrency":80,"availableCpu":"1"},"labels":{"deployment-tool":"cli-firebase","deployment-callable":"true","firebase-functions-hash":"ce3b96c84f25af9c82fa660f212857f9880eab9b"},"environment":"GEN_2"},"stages":[{"name":"BUILD","message":"Build in progress","state":"IN_PROGRESS","resource":"projects/632446580863/locations/asia-south1/builds/d86131e1-5dad-4caf-be3d-2015da0dcbd9","resourceUri":"https://console.cloud.google.com/cloud-build/builds;region=asia-south1/d86131e1-5dad-4caf-be3d-2015da0dcbd9?project=632446580863"},{"name":"SERVICE","state":"NOT_STARTED"}],"operationType":"CREATE_FUNCTION","buildName":"projects/632446580863/locations/asia-south1/builds/d86131e1-5dad-4caf-be3d-2015da0dcbd9"},"done":false}
[debug] [2026-09-04T15:57:25.859Z] <<< [apiv2][status] GET https://cloudfunctions.googleapis.com/v2/projects/batchfee-477b8/locations/asia-south1/operations/operation-1788537405286-65aaa50b5a9a7-49b3052d-131e4d72 200
[debug] [2026-09-04T15:57:25.860Z] <<< [apiv2][body] GET https://cloudfunctions.googleapis.com/v2/projects/batchfee-477b8/locations/asia-south1/operations/operation-1788537405286-65aaa50b5a9a7-49b3052d-131e4d72 {"name":"projects/batchfee-477b8/locations/asia-south1/operations/operation-1788537405286-65aaa50b5a9a7-49b3052d-131e4d72","metadata":{"@type":"type.googleapis.com/google.cloud.functions.v2.OperationMetadata","createTime":"2026-09-04T15:56:46.313884099Z","target":"projects/batchfee-477b8/locations/asia-south1/functions/loginStaff","verb":"create","cancelRequested":false,"apiVersion":"v2","requestResource":{"@type":"type.googleapis.com/google.cloud.functions.v2.Function","name":"projects/batchfee-477b8/locations/asia-south1/functions/loginStaff","buildConfig":{"runtime":"nodejs22","entryPoint":"loginStaff","source":{"storageSource":{"bucket":"gcf-v2-sources-632446580863-asia-south1","object":"loginStaff/function-source.zip","generation":"1788537405527025"}},"environmentVariables":{"GOOGLE_NODE_RUN_SCRIPTS":""},"serviceAccount":"projects/batchfee-477b8/serviceAccounts/632446580863-compute@developer.gserviceaccount.com","automaticUpdatePolicy":{}},"serviceConfig":{"service":"projects/batchfee-477b8/locations/asia-south1/services/loginstaff","timeoutSeconds":30,"environmentVariables":{"FIREBASE_CONFIG":"{\"projectId\":\"batchfee-477b8\",\"storageBucket\":\"batchfee-477b8.firebasestorage.app\"}","GCLOUD_PROJECT":"batchfee-477b8","EVENTARC_CLOUD_EVENT_SOURCE":"projects/batchfee-477b8/locations/asia-south1/services/loginStaff","FUNCTION_REGION":"asia-south1","FUNCTION_TARGET":"loginStaff","LOG_EXECUTION_ID":"true"},"ingressSettings":"ALLOW_ALL","serviceAccountEmail":"632446580863-compute@developer.gserviceaccount.com","availableMemory":"256Mi","maxInstanceRequestConcurrency":80,"availableCpu":"1"},"labels":{"deployment-tool":"cli-firebase","deployment-callable":"true","firebase-functions-hash":"ce3b96c84f25af9c82fa660f212857f9880eab9b"},"environment":"GEN_2"},"stages":[{"name":"BUILD","message":"Build in progress","state":"IN_PROGRESS","resource":"projects/632446580863/locations/asia-south1/builds/c2526dd7-17cc-48dc-9713-f7be0cf79753","resourceUri":"https://console.cloud.google.com/cloud-build/builds;region=asia-south1/c2526dd7-17cc-48dc-9713-f7be0cf79753?project=632446580863"},{"name":"SERVICE","state":"NOT_STARTED"}],"operationType":"CREATE_FUNCTION","buildName":"projects/632446580863/locations/asia-south1/builds/c2526dd7-17cc-48dc-9713-f7be0cf79753"},"done":false}
[debug] [2026-09-04T15:57:35.358Z] [create-default-asia-south1-provisionStaffAccount] Retrying task index 0
[debug] [2026-09-04T15:57:35.358Z] Checked if tokens are valid: true, expires at: 1788540932964
[debug] [2026-09-04T15:57:35.358Z] Checked if tokens are valid: true, expires at: 1788540932964
[debug] [2026-09-04T15:57:35.358Z] >>> [apiv2][query] GET https://cloudfunctions.googleapis.com/v2/projects/batchfee-477b8/locations/asia-south1/operations/operation-1788537405015-65aaa50b18476-f70936ff-704f8814 [none]
[debug] [2026-09-04T15:57:35.873Z] [create-default-asia-south1-loginStaff] Retrying task index 0
[debug] [2026-09-04T15:57:35.874Z] Checked if tokens are valid: true, expires at: 1788540932964
[debug] [2026-09-04T15:57:35.874Z] Checked if tokens are valid: true, expires at: 1788540932964
[debug] [2026-09-04T15:57:35.874Z] >>> [apiv2][query] GET https://cloudfunctions.googleapis.com/v2/projects/batchfee-477b8/locations/asia-south1/operations/operation-1788537405286-65aaa50b5a9a7-49b3052d-131e4d72 [none]
[debug] [2026-09-04T15:57:36.062Z] <<< [apiv2][status] GET https://cloudfunctions.googleapis.com/v2/projects/batchfee-477b8/locations/asia-south1/operations/operation-1788537405015-65aaa50b18476-f70936ff-704f8814 200
[debug] [2026-09-04T15:57:36.062Z] <<< [apiv2][body] GET https://cloudfunctions.googleapis.com/v2/projects/batchfee-477b8/locations/asia-south1/operations/operation-1788537405015-65aaa50b18476-f70936ff-704f8814 {"name":"projects/batchfee-477b8/locations/asia-south1/operations/operation-1788537405015-65aaa50b18476-f70936ff-704f8814","metadata":{"@type":"type.googleapis.com/google.cloud.functions.v2.OperationMetadata","createTime":"2026-09-04T15:56:46.014300007Z","target":"projects/batchfee-477b8/locations/asia-south1/functions/provisionStaffAccount","verb":"create","cancelRequested":false,"apiVersion":"v2","requestResource":{"@type":"type.googleapis.com/google.cloud.functions.v2.Function","name":"projects/batchfee-477b8/locations/asia-south1/functions/provisionStaffAccount","buildConfig":{"runtime":"nodejs22","entryPoint":"provisionStaffAccount","source":{"storageSource":{"bucket":"gcf-v2-sources-632446580863-asia-south1","object":"provisionStaffAccount/function-source.zip","generation":"1788537405273071"}},"environmentVariables":{"GOOGLE_NODE_RUN_SCRIPTS":""},"serviceAccount":"projects/batchfee-477b8/serviceAccounts/632446580863-compute@developer.gserviceaccount.com","automaticUpdatePolicy":{}},"serviceConfig":{"service":"projects/batchfee-477b8/locations/asia-south1/services/provisionstaffaccount","timeoutSeconds":60,"environmentVariables":{"FIREBASE_CONFIG":"{\"projectId\":\"batchfee-477b8\",\"storageBucket\":\"batchfee-477b8.firebasestorage.app\"}","GCLOUD_PROJECT":"batchfee-477b8","EVENTARC_CLOUD_EVENT_SOURCE":"projects/batchfee-477b8/locations/asia-south1/services/provisionStaffAccount","FUNCTION_REGION":"asia-south1","FUNCTION_TARGET":"provisionStaffAccount","LOG_EXECUTION_ID":"true"},"ingressSettings":"ALLOW_ALL","serviceAccountEmail":"632446580863-compute@developer.gserviceaccount.com","availableMemory":"512Mi","maxInstanceRequestConcurrency":80,"availableCpu":"1"},"labels":{"deployment-tool":"cli-firebase","deployment-callable":"true","firebase-functions-hash":"ce3b96c84f25af9c82fa660f212857f9880eab9b"},"environment":"GEN_2"},"stages":[{"name":"BUILD","message":"Build finished","state":"COMPLETE","resource":"projects/632446580863/locations/asia-south1/builds/d86131e1-5dad-4caf-be3d-2015da0dcbd9","resourceUri":"https://console.cloud.google.com/cloud-build/builds;region=asia-south1/d86131e1-5dad-4caf-be3d-2015da0dcbd9?project=632446580863"},{"name":"SERVICE","message":"Creating Cloud Run service","state":"IN_PROGRESS","resource":"projects/batchfee-477b8/locations/asia-south1/services/provisionstaffaccount","resourceUri":"https://console.cloud.google.com/run/detail/asia-south1/provisionstaffaccount?project=batchfee-477b8"}],"sourceToken":"Cldwcm9qZWN0cy82MzI0NDY1ODA4NjMvbG9jYXRpb25zL2FzaWEtc291dGgxL2J1aWxkcy9kODYxMzFlMS01ZGFkLTRjYWYtYmUzZC0yMDE1ZGEwZGNiZDkSeGFzaWEtc291dGgxLWRvY2tlci5wa2cuZGV2L2JhdGNoZmVlLTQ3N2I4L2djZi1hcnRpZmFjdHMvYmF0Y2hmZWUtLTQ3N2I4X19hc2lhLS1zb3V0aDFfX3Byb3Zpc2lvbl9zdGFmZl9hY2NvdW50OnZlcnNpb25fMRj/8IOGtBIiTXByb2plY3RzL2JhdGNoZmVlLTQ3N2I4L2xvY2F0aW9ucy9hc2lhLXNvdXRoMS9mdW5jdGlvbnMvcHJvdmlzaW9uU3RhZmZBY2NvdW50KgwI69Tr1AYQuMbSlAEyCG5vZGVqczIyOnYKI2djci5pby9nYWUtcnVudGltZXMvbm9kZWpzMjI6c3RhYmxlEk9hc2lhLXNvdXRoMS1kb2NrZXIucGtnLmRldi9zZXJ2ZXJsZXNzLXJ1bnRpbWVzL2dvb2dsZS0yMi1mdWxsL3J1bnRpbWVzL25vZGVqczIyQAE=","operationType":"CREATE_FUNCTION","buildName":"projects/632446580863/locations/asia-south1/builds/d86131e1-5dad-4caf-be3d-2015da0dcbd9"},"done":false}
[debug] [2026-09-04T15:57:36.062Z] Got source token Cldwcm9qZWN0cy82MzI0NDY1ODA4NjMvbG9jYXRpb25zL2FzaWEtc291dGgxL2J1aWxkcy9kODYxMzFlMS01ZGFkLTRjYWYtYmUzZC0yMDE1ZGEwZGNiZDkSeGFzaWEtc291dGgxLWRvY2tlci5wa2cuZGV2L2JhdGNoZmVlLTQ3N2I4L2djZi1hcnRpZmFjdHMvYmF0Y2hmZWUtLTQ3N2I4X19hc2lhLS1zb3V0aDFfX3Byb3Zpc2lvbl9zdGFmZl9hY2NvdW50OnZlcnNpb25fMRj/8IOGtBIiTXByb2plY3RzL2JhdGNoZmVlLTQ3N2I4L2xvY2F0aW9ucy9hc2lhLXNvdXRoMS9mdW5jdGlvbnMvcHJvdmlzaW9uU3RhZmZBY2NvdW50KgwI69Tr1AYQuMbSlAEyCG5vZGVqczIyOnYKI2djci5pby9nYWUtcnVudGltZXMvbm9kZWpzMjI6c3RhYmxlEk9hc2lhLXNvdXRoMS1kb2NrZXIucGtnLmRldi9zZXJ2ZXJsZXNzLXJ1bnRpbWVzL2dvb2dsZS0yMi1mdWxsL3J1bnRpbWVzL25vZGVqczIyQAE= for region asia-south1
[debug] [2026-09-04T15:57:36.062Z] Checked if tokens are valid: true, expires at: 1788540932964
[debug] [2026-09-04T15:57:36.062Z] Checked if tokens are valid: true, expires at: 1788540932964
[debug] [2026-09-04T15:57:36.062Z] >>> [apiv2][query] POST https://cloudfunctions.googleapis.com/v2/projects/batchfee-477b8/locations/asia-south1/functions functionId=updateStaffAccount
[debug] [2026-09-04T15:57:36.062Z] >>> [apiv2][body] POST https://cloudfunctions.googleapis.com/v2/projects/batchfee-477b8/locations/asia-south1/functions {"name":"projects/batchfee-477b8/locations/asia-south1/functions/updateStaffAccount","buildConfig":{"runtime":"nodejs22","entryPoint":"updateStaffAccount","source":{"storageSource":{"bucket":"gcf-v2-uploads-632446580863.asia-south1.cloudfunctions.appspot.com","object":"4a0d1ff5-ea1b-4c6d-8f7b-a841ad3fefd4.zip"}},"environmentVariables":{"GOOGLE_NODE_RUN_SCRIPTS":""},"sourceToken":"Cldwcm9qZWN0cy82MzI0NDY1ODA4NjMvbG9jYXRpb25zL2FzaWEtc291dGgxL2J1aWxkcy9kODYxMzFlMS01ZGFkLTRjYWYtYmUzZC0yMDE1ZGEwZGNiZDkSeGFzaWEtc291dGgxLWRvY2tlci5wa2cuZGV2L2JhdGNoZmVlLTQ3N2I4L2djZi1hcnRpZmFjdHMvYmF0Y2hmZWUtLTQ3N2I4X19hc2lhLS1zb3V0aDFfX3Byb3Zpc2lvbl9zdGFmZl9hY2NvdW50OnZlcnNpb25fMRj/8IOGtBIiTXByb2plY3RzL2JhdGNoZmVlLTQ3N2I4L2xvY2F0aW9ucy9hc2lhLXNvdXRoMS9mdW5jdGlvbnMvcHJvdmlzaW9uU3RhZmZBY2NvdW50KgwI69Tr1AYQuMbSlAEyCG5vZGVqczIyOnYKI2djci5pby9nYWUtcnVudGltZXMvbm9kZWpzMjI6c3RhYmxlEk9hc2lhLXNvdXRoMS1kb2NrZXIucGtnLmRldi9zZXJ2ZXJsZXNzLXJ1bnRpbWVzL2dvb2dsZS0yMi1mdWxsL3J1bnRpbWVzL25vZGVqczIyQAE="},"serviceConfig":{"environmentVariables":{"FIREBASE_CONFIG":"{\"projectId\":\"batchfee-477b8\",\"storageBucket\":\"batchfee-477b8.firebasestorage.app\"}","GCLOUD_PROJECT":"batchfee-477b8","EVENTARC_CLOUD_EVENT_SOURCE":"projects/batchfee-477b8/locations/asia-south1/services/updateStaffAccount","FUNCTION_REGION":"asia-south1","FUNCTION_TARGET":"updateStaffAccount","LOG_EXECUTION_ID":"true"},"ingressSettings":null,"timeoutSeconds":60,"serviceAccountEmail":null,"availableMemory":"512Mi","minInstanceCount":null,"maxInstanceCount":null,"maxInstanceRequestConcurrency":80,"availableCpu":"1","vpcConnector":null,"vpcConnectorEgressSettings":null,"directVpcNetworkInterface":null,"directVpcEgress":null},"labels":{"deployment-tool":"cli-firebase","deployment-callable":"true","firebase-functions-hash":"ce3b96c84f25af9c82fa660f212857f9880eab9b"}}
[debug] [2026-09-04T15:57:36.542Z] <<< [apiv2][status] GET https://cloudfunctions.googleapis.com/v2/projects/batchfee-477b8/locations/asia-south1/operations/operation-1788537405286-65aaa50b5a9a7-49b3052d-131e4d72 200
[debug] [2026-09-04T15:57:36.542Z] <<< [apiv2][body] GET https://cloudfunctions.googleapis.com/v2/projects/batchfee-477b8/locations/asia-south1/operations/operation-1788537405286-65aaa50b5a9a7-49b3052d-131e4d72 {"name":"projects/batchfee-477b8/locations/asia-south1/operations/operation-1788537405286-65aaa50b5a9a7-49b3052d-131e4d72","metadata":{"@type":"type.googleapis.com/google.cloud.functions.v2.OperationMetadata","createTime":"2026-09-04T15:56:46.313884099Z","target":"projects/batchfee-477b8/locations/asia-south1/functions/loginStaff","verb":"create","cancelRequested":false,"apiVersion":"v2","requestResource":{"@type":"type.googleapis.com/google.cloud.functions.v2.Function","name":"projects/batchfee-477b8/locations/asia-south1/functions/loginStaff","buildConfig":{"runtime":"nodejs22","entryPoint":"loginStaff","source":{"storageSource":{"bucket":"gcf-v2-sources-632446580863-asia-south1","object":"loginStaff/function-source.zip","generation":"1788537405527025"}},"environmentVariables":{"GOOGLE_NODE_RUN_SCRIPTS":""},"serviceAccount":"projects/batchfee-477b8/serviceAccounts/632446580863-compute@developer.gserviceaccount.com","automaticUpdatePolicy":{}},"serviceConfig":{"service":"projects/batchfee-477b8/locations/asia-south1/services/loginstaff","timeoutSeconds":30,"environmentVariables":{"FIREBASE_CONFIG":"{\"projectId\":\"batchfee-477b8\",\"storageBucket\":\"batchfee-477b8.firebasestorage.app\"}","GCLOUD_PROJECT":"batchfee-477b8","EVENTARC_CLOUD_EVENT_SOURCE":"projects/batchfee-477b8/locations/asia-south1/services/loginStaff","FUNCTION_REGION":"asia-south1","FUNCTION_TARGET":"loginStaff","LOG_EXECUTION_ID":"true"},"ingressSettings":"ALLOW_ALL","serviceAccountEmail":"632446580863-compute@developer.gserviceaccount.com","availableMemory":"256Mi","maxInstanceRequestConcurrency":80,"availableCpu":"1"},"labels":{"deployment-tool":"cli-firebase","deployment-callable":"true","firebase-functions-hash":"ce3b96c84f25af9c82fa660f212857f9880eab9b"},"environment":"GEN_2"},"stages":[{"name":"BUILD","message":"Build finished","state":"COMPLETE","resource":"projects/632446580863/locations/asia-south1/builds/c2526dd7-17cc-48dc-9713-f7be0cf79753","resourceUri":"https://console.cloud.google.com/cloud-build/builds;region=asia-south1/c2526dd7-17cc-48dc-9713-f7be0cf79753?project=632446580863"},{"name":"SERVICE","message":"Creating Cloud Run service","state":"IN_PROGRESS","resource":"projects/batchfee-477b8/locations/asia-south1/services/loginstaff","resourceUri":"https://console.cloud.google.com/run/detail/asia-south1/loginstaff?project=batchfee-477b8"}],"sourceToken":"Cldwcm9qZWN0cy82MzI0NDY1ODA4NjMvbG9jYXRpb25zL2FzaWEtc291dGgxL2J1aWxkcy9jMjUyNmRkNy0xN2NjLTQ4ZGMtOTcxMy1mN2JlMGNmNzk3NTMSbGFzaWEtc291dGgxLWRvY2tlci5wa2cuZGV2L2JhdGNoZmVlLTQ3N2I4L2djZi1hcnRpZmFjdHMvYmF0Y2hmZWUtLTQ3N2I4X19hc2lhLS1zb3V0aDFfX2xvZ2luX3N0YWZmOnZlcnNpb25fMRj/8IOGtBIiQnByb2plY3RzL2JhdGNoZmVlLTQ3N2I4L2xvY2F0aW9ucy9hc2lhLXNvdXRoMS9mdW5jdGlvbnMvbG9naW5TdGFmZioMCOfU69QGEODxs8gCMghub2RlanMyMjp2CiNnY3IuaW8vZ2FlLXJ1bnRpbWVzL25vZGVqczIyOnN0YWJsZRJPYXNpYS1zb3V0aDEtZG9ja2VyLnBrZy5kZXYvc2VydmVybGVzcy1ydW50aW1lcy9nb29nbGUtMjItZnVsbC9ydW50aW1lcy9ub2RlanMyMkAB","operationType":"CREATE_FUNCTION","buildName":"projects/632446580863/locations/asia-south1/builds/c2526dd7-17cc-48dc-9713-f7be0cf79753"},"done":false}
[debug] [2026-09-04T15:57:36.542Z] Got source token Cldwcm9qZWN0cy82MzI0NDY1ODA4NjMvbG9jYXRpb25zL2FzaWEtc291dGgxL2J1aWxkcy9jMjUyNmRkNy0xN2NjLTQ4ZGMtOTcxMy1mN2JlMGNmNzk3NTMSbGFzaWEtc291dGgxLWRvY2tlci5wa2cuZGV2L2JhdGNoZmVlLTQ3N2I4L2djZi1hcnRpZmFjdHMvYmF0Y2hmZWUtLTQ3N2I4X19hc2lhLS1zb3V0aDFfX2xvZ2luX3N0YWZmOnZlcnNpb25fMRj/8IOGtBIiQnByb2plY3RzL2JhdGNoZmVlLTQ3N2I4L2xvY2F0aW9ucy9hc2lhLXNvdXRoMS9mdW5jdGlvbnMvbG9naW5TdGFmZioMCOfU69QGEODxs8gCMghub2RlanMyMjp2CiNnY3IuaW8vZ2FlLXJ1bnRpbWVzL25vZGVqczIyOnN0YWJsZRJPYXNpYS1zb3V0aDEtZG9ja2VyLnBrZy5kZXYvc2VydmVybGVzcy1ydW50aW1lcy9nb29nbGUtMjItZnVsbC9ydW50aW1lcy9ub2RlanMyMkAB for region asia-south1
[debug] [2026-09-04T15:57:37.587Z] <<< [apiv2][status] POST https://cloudfunctions.googleapis.com/v2/projects/batchfee-477b8/locations/asia-south1/functions 200
[debug] [2026-09-04T15:57:37.587Z] <<< [apiv2][body] POST https://cloudfunctions.googleapis.com/v2/projects/batchfee-477b8/locations/asia-south1/functions {"name":"projects/batchfee-477b8/locations/asia-south1/operations/operation-1788537456431-65aaa53c21128-6cff825c-9f3567ea","metadata":{"@type":"type.googleapis.com/google.cloud.functions.v2.OperationMetadata","createTime":"2026-09-04T15:57:37.456442010Z","target":"projects/batchfee-477b8/locations/asia-south1/functions/updateStaffAccount","verb":"create","cancelRequested":false,"apiVersion":"v2"},"done":false}
[debug] [2026-09-04T15:57:37.587Z] Checked if tokens are valid: true, expires at: 1788540932964
[debug] [2026-09-04T15:57:37.587Z] Checked if tokens are valid: true, expires at: 1788540932964
[debug] [2026-09-04T15:57:37.587Z] >>> [apiv2][query] GET https://cloudfunctions.googleapis.com/v2/projects/batchfee-477b8/locations/asia-south1/operations/operation-1788537456431-65aaa53c21128-6cff825c-9f3567ea [none]
[debug] [2026-09-04T15:57:38.114Z] <<< [apiv2][status] GET https://cloudfunctions.googleapis.com/v2/projects/batchfee-477b8/locations/asia-south1/operations/operation-1788537456431-65aaa53c21128-6cff825c-9f3567ea 200
[debug] [2026-09-04T15:57:38.114Z] <<< [apiv2][body] GET https://cloudfunctions.googleapis.com/v2/projects/batchfee-477b8/locations/asia-south1/operations/operation-1788537456431-65aaa53c21128-6cff825c-9f3567ea {"name":"projects/batchfee-477b8/locations/asia-south1/operations/operation-1788537456431-65aaa53c21128-6cff825c-9f3567ea","metadata":{"@type":"type.googleapis.com/google.cloud.functions.v2.OperationMetadata","createTime":"2026-09-04T15:57:37.456442010Z","target":"projects/batchfee-477b8/locations/asia-south1/functions/updateStaffAccount","verb":"create","cancelRequested":false,"apiVersion":"v2","requestResource":{"@type":"type.googleapis.com/google.cloud.functions.v2.Function","name":"projects/batchfee-477b8/locations/asia-south1/functions/updateStaffAccount","buildConfig":{"runtime":"nodejs22","entryPoint":"updateStaffAccount","source":{"storageSource":{"bucket":"gcf-v2-sources-632446580863-asia-south1","object":"updateStaffAccount/function-source.zip","generation":"1788537456622521"}},"environmentVariables":{"GOOGLE_NODE_RUN_SCRIPTS":""},"sourceToken":"Cldwcm9qZWN0cy82MzI0NDY1ODA4NjMvbG9jYXRpb25zL2FzaWEtc291dGgxL2J1aWxkcy9kODYxMzFlMS01ZGFkLTRjYWYtYmUzZC0yMDE1ZGEwZGNiZDkSeGFzaWEtc291dGgxLWRvY2tlci5wa2cuZGV2L2JhdGNoZmVlLTQ3N2I4L2djZi1hcnRpZmFjdHMvYmF0Y2hmZWUtLTQ3N2I4X19hc2lhLS1zb3V0aDFfX3Byb3Zpc2lvbl9zdGFmZl9hY2NvdW50OnZlcnNpb25fMRj/8IOGtBIiTXByb2plY3RzL2JhdGNoZmVlLTQ3N2I4L2xvY2F0aW9ucy9hc2lhLXNvdXRoMS9mdW5jdGlvbnMvcHJvdmlzaW9uU3RhZmZBY2NvdW50KgwI69Tr1AYQuMbSlAEyCG5vZGVqczIyOnYKI2djci5pby9nYWUtcnVudGltZXMvbm9kZWpzMjI6c3RhYmxlEk9hc2lhLXNvdXRoMS1kb2NrZXIucGtnLmRldi9zZXJ2ZXJsZXNzLXJ1bnRpbWVzL2dvb2dsZS0yMi1mdWxsL3J1bnRpbWVzL25vZGVqczIyQAE=","serviceAccount":"projects/batchfee-477b8/serviceAccounts/632446580863-compute@developer.gserviceaccount.com","automaticUpdatePolicy":{}},"serviceConfig":{"service":"projects/batchfee-477b8/locations/asia-south1/services/updatestaffaccount","timeoutSeconds":60,"environmentVariables":{"FIREBASE_CONFIG":"{\"projectId\":\"batchfee-477b8\",\"storageBucket\":\"batchfee-477b8.firebasestorage.app\"}","GCLOUD_PROJECT":"batchfee-477b8","EVENTARC_CLOUD_EVENT_SOURCE":"projects/batchfee-477b8/locations/asia-south1/services/updateStaffAccount","FUNCTION_REGION":"asia-south1","FUNCTION_TARGET":"updateStaffAccount","LOG_EXECUTION_ID":"true","FUNCTION_SIGNATURE_TYPE":"http"},"ingressSettings":"ALLOW_ALL","serviceAccountEmail":"632446580863-compute@developer.gserviceaccount.com","availableMemory":"512Mi","maxInstanceRequestConcurrency":80,"availableCpu":"1"},"labels":{"deployment-tool":"cli-firebase","deployment-callable":"true","firebase-functions-hash":"ce3b96c84f25af9c82fa660f212857f9880eab9b"},"environment":"GEN_2"},"stages":[{"name":"BUILD","message":"Reusing build","state":"COMPLETE","resource":"projects/632446580863/locations/asia-south1/builds/d86131e1-5dad-4caf-be3d-2015da0dcbd9"},{"name":"SERVICE","state":"NOT_STARTED"}],"sourceToken":"Cldwcm9qZWN0cy82MzI0NDY1ODA4NjMvbG9jYXRpb25zL2FzaWEtc291dGgxL2J1aWxkcy9kODYxMzFlMS01ZGFkLTRjYWYtYmUzZC0yMDE1ZGEwZGNiZDkSeGFzaWEtc291dGgxLWRvY2tlci5wa2cuZGV2L2JhdGNoZmVlLTQ3N2I4L2djZi1hcnRpZmFjdHMvYmF0Y2hmZWUtLTQ3N2I4X19hc2lhLS1zb3V0aDFfX3Byb3Zpc2lvbl9zdGFmZl9hY2NvdW50OnZlcnNpb25fMRj/8IOGtBIiTXByb2plY3RzL2JhdGNoZmVlLTQ3N2I4L2xvY2F0aW9ucy9hc2lhLXNvdXRoMS9mdW5jdGlvbnMvcHJvdmlzaW9uU3RhZmZBY2NvdW50KgwI69Tr1AYQuMbSlAEyCG5vZGVqczIyOnYKI2djci5pby9nYWUtcnVudGltZXMvbm9kZWpzMjI6c3RhYmxlEk9hc2lhLXNvdXRoMS1kb2NrZXIucGtnLmRldi9zZXJ2ZXJsZXNzLXJ1bnRpbWVzL2dvb2dsZS0yMi1mdWxsL3J1bnRpbWVzL25vZGVqczIyQAE=","operationType":"CREATE_FUNCTION","buildName":"projects/632446580863/locations/asia-south1/builds/d86131e1-5dad-4caf-be3d-2015da0dcbd9"},"done":false}
[debug] [2026-09-04T15:57:38.114Z] Got source token Cldwcm9qZWN0cy82MzI0NDY1ODA4NjMvbG9jYXRpb25zL2FzaWEtc291dGgxL2J1aWxkcy9kODYxMzFlMS01ZGFkLTRjYWYtYmUzZC0yMDE1ZGEwZGNiZDkSeGFzaWEtc291dGgxLWRvY2tlci5wa2cuZGV2L2JhdGNoZmVlLTQ3N2I4L2djZi1hcnRpZmFjdHMvYmF0Y2hmZWUtLTQ3N2I4X19hc2lhLS1zb3V0aDFfX3Byb3Zpc2lvbl9zdGFmZl9hY2NvdW50OnZlcnNpb25fMRj/8IOGtBIiTXByb2plY3RzL2JhdGNoZmVlLTQ3N2I4L2xvY2F0aW9ucy9hc2lhLXNvdXRoMS9mdW5jdGlvbnMvcHJvdmlzaW9uU3RhZmZBY2NvdW50KgwI69Tr1AYQuMbSlAEyCG5vZGVqczIyOnYKI2djci5pby9nYWUtcnVudGltZXMvbm9kZWpzMjI6c3RhYmxlEk9hc2lhLXNvdXRoMS1kb2NrZXIucGtnLmRldi9zZXJ2ZXJsZXNzLXJ1bnRpbWVzL2dvb2dsZS0yMi1mdWxsL3J1bnRpbWVzL25vZGVqczIyQAE= for region asia-south1
[debug] [2026-09-04T15:57:38.620Z] [create-default-asia-south1-updateStaffAccount] Retrying task index 0
[debug] [2026-09-04T15:57:38.620Z] Checked if tokens are valid: true, expires at: 1788540932964
[debug] [2026-09-04T15:57:38.620Z] Checked if tokens are valid: true, expires at: 1788540932964
[debug] [2026-09-04T15:57:38.620Z] >>> [apiv2][query] GET https://cloudfunctions.googleapis.com/v2/projects/batchfee-477b8/locations/asia-south1/operations/operation-1788537456431-65aaa53c21128-6cff825c-9f3567ea [none]
[debug] [2026-09-04T15:57:39.145Z] <<< [apiv2][status] GET https://cloudfunctions.googleapis.com/v2/projects/batchfee-477b8/locations/asia-south1/operations/operation-1788537456431-65aaa53c21128-6cff825c-9f3567ea 200
[debug] [2026-09-04T15:57:39.145Z] <<< [apiv2][body] GET https://cloudfunctions.googleapis.com/v2/projects/batchfee-477b8/locations/asia-south1/operations/operation-1788537456431-65aaa53c21128-6cff825c-9f3567ea {"name":"projects/batchfee-477b8/locations/asia-south1/operations/operation-1788537456431-65aaa53c21128-6cff825c-9f3567ea","metadata":{"@type":"type.googleapis.com/google.cloud.functions.v2.OperationMetadata","createTime":"2026-09-04T15:57:37.456442010Z","target":"projects/batchfee-477b8/locations/asia-south1/functions/updateStaffAccount","verb":"create","cancelRequested":false,"apiVersion":"v2","requestResource":{"@type":"type.googleapis.com/google.cloud.functions.v2.Function","name":"projects/batchfee-477b8/locations/asia-south1/functions/updateStaffAccount","buildConfig":{"runtime":"nodejs22","entryPoint":"updateStaffAccount","source":{"storageSource":{"bucket":"gcf-v2-sources-632446580863-asia-south1","object":"updateStaffAccount/function-source.zip","generation":"1788537456622521"}},"environmentVariables":{"GOOGLE_NODE_RUN_SCRIPTS":""},"sourceToken":"Cldwcm9qZWN0cy82MzI0NDY1ODA4NjMvbG9jYXRpb25zL2FzaWEtc291dGgxL2J1aWxkcy9kODYxMzFlMS01ZGFkLTRjYWYtYmUzZC0yMDE1ZGEwZGNiZDkSeGFzaWEtc291dGgxLWRvY2tlci5wa2cuZGV2L2JhdGNoZmVlLTQ3N2I4L2djZi1hcnRpZmFjdHMvYmF0Y2hmZWUtLTQ3N2I4X19hc2lhLS1zb3V0aDFfX3Byb3Zpc2lvbl9zdGFmZl9hY2NvdW50OnZlcnNpb25fMRj/8IOGtBIiTXByb2plY3RzL2JhdGNoZmVlLTQ3N2I4L2xvY2F0aW9ucy9hc2lhLXNvdXRoMS9mdW5jdGlvbnMvcHJvdmlzaW9uU3RhZmZBY2NvdW50KgwI69Tr1AYQuMbSlAEyCG5vZGVqczIyOnYKI2djci5pby9nYWUtcnVudGltZXMvbm9kZWpzMjI6c3RhYmxlEk9hc2lhLXNvdXRoMS1kb2NrZXIucGtnLmRldi9zZXJ2ZXJsZXNzLXJ1bnRpbWVzL2dvb2dsZS0yMi1mdWxsL3J1bnRpbWVzL25vZGVqczIyQAE=","serviceAccount":"projects/batchfee-477b8/serviceAccounts/632446580863-compute@developer.gserviceaccount.com","automaticUpdatePolicy":{}},"serviceConfig":{"service":"projects/batchfee-477b8/locations/asia-south1/services/updatestaffaccount","timeoutSeconds":60,"environmentVariables":{"FIREBASE_CONFIG":"{\"projectId\":\"batchfee-477b8\",\"storageBucket\":\"batchfee-477b8.firebasestorage.app\"}","GCLOUD_PROJECT":"batchfee-477b8","EVENTARC_CLOUD_EVENT_SOURCE":"projects/batchfee-477b8/locations/asia-south1/services/updateStaffAccount","FUNCTION_REGION":"asia-south1","FUNCTION_TARGET":"updateStaffAccount","LOG_EXECUTION_ID":"true","FUNCTION_SIGNATURE_TYPE":"http"},"ingressSettings":"ALLOW_ALL","serviceAccountEmail":"632446580863-compute@developer.gserviceaccount.com","availableMemory":"512Mi","maxInstanceRequestConcurrency":80,"availableCpu":"1"},"labels":{"deployment-tool":"cli-firebase","deployment-callable":"true","firebase-functions-hash":"ce3b96c84f25af9c82fa660f212857f9880eab9b"},"environment":"GEN_2"},"stages":[{"name":"BUILD","message":"Reusing build","state":"COMPLETE","resource":"projects/632446580863/locations/asia-south1/builds/d86131e1-5dad-4caf-be3d-2015da0dcbd9"},{"name":"SERVICE","message":"Creating Cloud Run service","state":"IN_PROGRESS","resource":"projects/batchfee-477b8/locations/asia-south1/services/updatestaffaccount","resourceUri":"https://console.cloud.google.com/run/detail/asia-south1/updatestaffaccount?project=batchfee-477b8"}],"sourceToken":"Cldwcm9qZWN0cy82MzI0NDY1ODA4NjMvbG9jYXRpb25zL2FzaWEtc291dGgxL2J1aWxkcy9kODYxMzFlMS01ZGFkLTRjYWYtYmUzZC0yMDE1ZGEwZGNiZDkSeGFzaWEtc291dGgxLWRvY2tlci5wa2cuZGV2L2JhdGNoZmVlLTQ3N2I4L2djZi1hcnRpZmFjdHMvYmF0Y2hmZWUtLTQ3N2I4X19hc2lhLS1zb3V0aDFfX3Byb3Zpc2lvbl9zdGFmZl9hY2NvdW50OnZlcnNpb25fMRj/8IOGtBIiTXByb2plY3RzL2JhdGNoZmVlLTQ3N2I4L2xvY2F0aW9ucy9hc2lhLXNvdXRoMS9mdW5jdGlvbnMvcHJvdmlzaW9uU3RhZmZBY2NvdW50KgwI69Tr1AYQuMbSlAEyCG5vZGVqczIyOnYKI2djci5pby9nYWUtcnVudGltZXMvbm9kZWpzMjI6c3RhYmxlEk9hc2lhLXNvdXRoMS1kb2NrZXIucGtnLmRldi9zZXJ2ZXJsZXNzLXJ1bnRpbWVzL2dvb2dsZS0yMi1mdWxsL3J1bnRpbWVzL25vZGVqczIyQAE=","operationType":"CREATE_FUNCTION","buildName":"projects/632446580863/locations/asia-south1/builds/d86131e1-5dad-4caf-be3d-2015da0dcbd9"},"done":false}
[debug] [2026-09-04T15:57:39.145Z] Got source token Cldwcm9qZWN0cy82MzI0NDY1ODA4NjMvbG9jYXRpb25zL2FzaWEtc291dGgxL2J1aWxkcy9kODYxMzFlMS01ZGFkLTRjYWYtYmUzZC0yMDE1ZGEwZGNiZDkSeGFzaWEtc291dGgxLWRvY2tlci5wa2cuZGV2L2JhdGNoZmVlLTQ3N2I4L2djZi1hcnRpZmFjdHMvYmF0Y2hmZWUtLTQ3N2I4X19hc2lhLS1zb3V0aDFfX3Byb3Zpc2lvbl9zdGFmZl9hY2NvdW50OnZlcnNpb25fMRj/8IOGtBIiTXByb2plY3RzL2JhdGNoZmVlLTQ3N2I4L2xvY2F0aW9ucy9hc2lhLXNvdXRoMS9mdW5jdGlvbnMvcHJvdmlzaW9uU3RhZmZBY2NvdW50KgwI69Tr1AYQuMbSlAEyCG5vZGVqczIyOnYKI2djci5pby9nYWUtcnVudGltZXMvbm9kZWpzMjI6c3RhYmxlEk9hc2lhLXNvdXRoMS1kb2NrZXIucGtnLmRldi9zZXJ2ZXJsZXNzLXJ1bnRpbWVzL2dvb2dsZS0yMi1mdWxsL3J1bnRpbWVzL25vZGVqczIyQAE= for region asia-south1
[debug] [2026-09-04T15:57:40.149Z] [create-default-asia-south1-updateStaffAccount] Retrying task index 0
[debug] [2026-09-04T15:57:40.150Z] Checked if tokens are valid: true, expires at: 1788540932964
[debug] [2026-09-04T15:57:40.150Z] Checked if tokens are valid: true, expires at: 1788540932964
[debug] [2026-09-04T15:57:40.150Z] >>> [apiv2][query] GET https://cloudfunctions.googleapis.com/v2/projects/batchfee-477b8/locations/asia-south1/operations/operation-1788537456431-65aaa53c21128-6cff825c-9f3567ea [none]
[debug] [2026-09-04T15:57:40.660Z] <<< [apiv2][status] GET https://cloudfunctions.googleapis.com/v2/projects/batchfee-477b8/locations/asia-south1/operations/operation-1788537456431-65aaa53c21128-6cff825c-9f3567ea 200
[debug] [2026-09-04T15:57:40.660Z] <<< [apiv2][body] GET https://cloudfunctions.googleapis.com/v2/projects/batchfee-477b8/locations/asia-south1/operations/operation-1788537456431-65aaa53c21128-6cff825c-9f3567ea {"name":"projects/batchfee-477b8/locations/asia-south1/operations/operation-1788537456431-65aaa53c21128-6cff825c-9f3567ea","metadata":{"@type":"type.googleapis.com/google.cloud.functions.v2.OperationMetadata","createTime":"2026-09-04T15:57:37.456442010Z","target":"projects/batchfee-477b8/locations/asia-south1/functions/updateStaffAccount","verb":"create","cancelRequested":false,"apiVersion":"v2","requestResource":{"@type":"type.googleapis.com/google.cloud.functions.v2.Function","name":"projects/batchfee-477b8/locations/asia-south1/functions/updateStaffAccount","buildConfig":{"runtime":"nodejs22","entryPoint":"updateStaffAccount","source":{"storageSource":{"bucket":"gcf-v2-sources-632446580863-asia-south1","object":"updateStaffAccount/function-source.zip","generation":"1788537456622521"}},"environmentVariables":{"GOOGLE_NODE_RUN_SCRIPTS":""},"sourceToken":"Cldwcm9qZWN0cy82MzI0NDY1ODA4NjMvbG9jYXRpb25zL2FzaWEtc291dGgxL2J1aWxkcy9kODYxMzFlMS01ZGFkLTRjYWYtYmUzZC0yMDE1ZGEwZGNiZDkSeGFzaWEtc291dGgxLWRvY2tlci5wa2cuZGV2L2JhdGNoZmVlLTQ3N2I4L2djZi1hcnRpZmFjdHMvYmF0Y2hmZWUtLTQ3N2I4X19hc2lhLS1zb3V0aDFfX3Byb3Zpc2lvbl9zdGFmZl9hY2NvdW50OnZlcnNpb25fMRj/8IOGtBIiTXByb2plY3RzL2JhdGNoZmVlLTQ3N2I4L2xvY2F0aW9ucy9hc2lhLXNvdXRoMS9mdW5jdGlvbnMvcHJvdmlzaW9uU3RhZmZBY2NvdW50KgwI69Tr1AYQuMbSlAEyCG5vZGVqczIyOnYKI2djci5pby9nYWUtcnVudGltZXMvbm9kZWpzMjI6c3RhYmxlEk9hc2lhLXNvdXRoMS1kb2NrZXIucGtnLmRldi9zZXJ2ZXJsZXNzLXJ1bnRpbWVzL2dvb2dsZS0yMi1mdWxsL3J1bnRpbWVzL25vZGVqczIyQAE=","serviceAccount":"projects/batchfee-477b8/serviceAccounts/632446580863-compute@developer.gserviceaccount.com","automaticUpdatePolicy":{}},"serviceConfig":{"service":"projects/batchfee-477b8/locations/asia-south1/services/updatestaffaccount","timeoutSeconds":60,"environmentVariables":{"FIREBASE_CONFIG":"{\"projectId\":\"batchfee-477b8\",\"storageBucket\":\"batchfee-477b8.firebasestorage.app\"}","GCLOUD_PROJECT":"batchfee-477b8","EVENTARC_CLOUD_EVENT_SOURCE":"projects/batchfee-477b8/locations/asia-south1/services/updateStaffAccount","FUNCTION_REGION":"asia-south1","FUNCTION_TARGET":"updateStaffAccount","LOG_EXECUTION_ID":"true","FUNCTION_SIGNATURE_TYPE":"http"},"ingressSettings":"ALLOW_ALL","serviceAccountEmail":"632446580863-compute@developer.gserviceaccount.com","availableMemory":"512Mi","maxInstanceRequestConcurrency":80,"availableCpu":"1"},"labels":{"deployment-tool":"cli-firebase","deployment-callable":"true","firebase-functions-hash":"ce3b96c84f25af9c82fa660f212857f9880eab9b"},"environment":"GEN_2"},"stages":[{"name":"BUILD","message":"Reusing build","state":"COMPLETE","resource":"projects/632446580863/locations/asia-south1/builds/d86131e1-5dad-4caf-be3d-2015da0dcbd9"},{"name":"SERVICE","message":"Creating Cloud Run service","state":"IN_PROGRESS","resource":"projects/batchfee-477b8/locations/asia-south1/services/updatestaffaccount","resourceUri":"https://console.cloud.google.com/run/detail/asia-south1/updatestaffaccount?project=batchfee-477b8"}],"sourceToken":"Cldwcm9qZWN0cy82MzI0NDY1ODA4NjMvbG9jYXRpb25zL2FzaWEtc291dGgxL2J1aWxkcy9kODYxMzFlMS01ZGFkLTRjYWYtYmUzZC0yMDE1ZGEwZGNiZDkSeGFzaWEtc291dGgxLWRvY2tlci5wa2cuZGV2L2JhdGNoZmVlLTQ3N2I4L2djZi1hcnRpZmFjdHMvYmF0Y2hmZWUtLTQ3N2I4X19hc2lhLS1zb3V0aDFfX3Byb3Zpc2lvbl9zdGFmZl9hY2NvdW50OnZlcnNpb25fMRj/8IOGtBIiTXByb2plY3RzL2JhdGNoZmVlLTQ3N2I4L2xvY2F0aW9ucy9hc2lhLXNvdXRoMS9mdW5jdGlvbnMvcHJvdmlzaW9uU3RhZmZBY2NvdW50KgwI69Tr1AYQuMbSlAEyCG5vZGVqczIyOnYKI2djci5pby9nYWUtcnVudGltZXMvbm9kZWpzMjI6c3RhYmxlEk9hc2lhLXNvdXRoMS1kb2NrZXIucGtnLmRldi9zZXJ2ZXJsZXNzLXJ1bnRpbWVzL2dvb2dsZS0yMi1mdWxsL3J1bnRpbWVzL25vZGVqczIyQAE=","operationType":"CREATE_FUNCTION","buildName":"projects/632446580863/locations/asia-south1/builds/d86131e1-5dad-4caf-be3d-2015da0dcbd9"},"done":false}
[debug] [2026-09-04T15:57:40.660Z] Got source token Cldwcm9qZWN0cy82MzI0NDY1ODA4NjMvbG9jYXRpb25zL2FzaWEtc291dGgxL2J1aWxkcy9kODYxMzFlMS01ZGFkLTRjYWYtYmUzZC0yMDE1ZGEwZGNiZDkSeGFzaWEtc291dGgxLWRvY2tlci5wa2cuZGV2L2JhdGNoZmVlLTQ3N2I4L2djZi1hcnRpZmFjdHMvYmF0Y2hmZWUtLTQ3N2I4X19hc2lhLS1zb3V0aDFfX3Byb3Zpc2lvbl9zdGFmZl9hY2NvdW50OnZlcnNpb25fMRj/8IOGtBIiTXByb2plY3RzL2JhdGNoZmVlLTQ3N2I4L2xvY2F0aW9ucy9hc2lhLXNvdXRoMS9mdW5jdGlvbnMvcHJvdmlzaW9uU3RhZmZBY2NvdW50KgwI69Tr1AYQuMbSlAEyCG5vZGVqczIyOnYKI2djci5pby9nYWUtcnVudGltZXMvbm9kZWpzMjI6c3RhYmxlEk9hc2lhLXNvdXRoMS1kb2NrZXIucGtnLmRldi9zZXJ2ZXJsZXNzLXJ1bnRpbWVzL2dvb2dsZS0yMi1mdWxsL3J1bnRpbWVzL25vZGVqczIyQAE= for region asia-south1
[debug] [2026-09-04T15:57:42.670Z] [create-default-asia-south1-updateStaffAccount] Retrying task index 0
[debug] [2026-09-04T15:57:42.671Z] Checked if tokens are valid: true, expires at: 1788540932964
[debug] [2026-09-04T15:57:42.671Z] Checked if tokens are valid: true, expires at: 1788540932964
[debug] [2026-09-04T15:57:42.671Z] >>> [apiv2][query] GET https://cloudfunctions.googleapis.com/v2/projects/batchfee-477b8/locations/asia-south1/operations/operation-1788537456431-65aaa53c21128-6cff825c-9f3567ea [none]
[debug] [2026-09-04T15:57:43.190Z] <<< [apiv2][status] GET https://cloudfunctions.googleapis.com/v2/projects/batchfee-477b8/locations/asia-south1/operations/operation-1788537456431-65aaa53c21128-6cff825c-9f3567ea 200
[debug] [2026-09-04T15:57:43.190Z] <<< [apiv2][body] GET https://cloudfunctions.googleapis.com/v2/projects/batchfee-477b8/locations/asia-south1/operations/operation-1788537456431-65aaa53c21128-6cff825c-9f3567ea {"name":"projects/batchfee-477b8/locations/asia-south1/operations/operation-1788537456431-65aaa53c21128-6cff825c-9f3567ea","metadata":{"@type":"type.googleapis.com/google.cloud.functions.v2.OperationMetadata","createTime":"2026-09-04T15:57:37.456442010Z","target":"projects/batchfee-477b8/locations/asia-south1/functions/updateStaffAccount","verb":"create","cancelRequested":false,"apiVersion":"v2","requestResource":{"@type":"type.googleapis.com/google.cloud.functions.v2.Function","name":"projects/batchfee-477b8/locations/asia-south1/functions/updateStaffAccount","buildConfig":{"runtime":"nodejs22","entryPoint":"updateStaffAccount","source":{"storageSource":{"bucket":"gcf-v2-sources-632446580863-asia-south1","object":"updateStaffAccount/function-source.zip","generation":"1788537456622521"}},"environmentVariables":{"GOOGLE_NODE_RUN_SCRIPTS":""},"sourceToken":"Cldwcm9qZWN0cy82MzI0NDY1ODA4NjMvbG9jYXRpb25zL2FzaWEtc291dGgxL2J1aWxkcy9kODYxMzFlMS01ZGFkLTRjYWYtYmUzZC0yMDE1ZGEwZGNiZDkSeGFzaWEtc291dGgxLWRvY2tlci5wa2cuZGV2L2JhdGNoZmVlLTQ3N2I4L2djZi1hcnRpZmFjdHMvYmF0Y2hmZWUtLTQ3N2I4X19hc2lhLS1zb3V0aDFfX3Byb3Zpc2lvbl9zdGFmZl9hY2NvdW50OnZlcnNpb25fMRj/8IOGtBIiTXByb2plY3RzL2JhdGNoZmVlLTQ3N2I4L2xvY2F0aW9ucy9hc2lhLXNvdXRoMS9mdW5jdGlvbnMvcHJvdmlzaW9uU3RhZmZBY2NvdW50KgwI69Tr1AYQuMbSlAEyCG5vZGVqczIyOnYKI2djci5pby9nYWUtcnVudGltZXMvbm9kZWpzMjI6c3RhYmxlEk9hc2lhLXNvdXRoMS1kb2NrZXIucGtnLmRldi9zZXJ2ZXJsZXNzLXJ1bnRpbWVzL2dvb2dsZS0yMi1mdWxsL3J1bnRpbWVzL25vZGVqczIyQAE=","serviceAccount":"projects/batchfee-477b8/serviceAccounts/632446580863-compute@developer.gserviceaccount.com","automaticUpdatePolicy":{}},"serviceConfig":{"service":"projects/batchfee-477b8/locations/asia-south1/services/updatestaffaccount","timeoutSeconds":60,"environmentVariables":{"FIREBASE_CONFIG":"{\"projectId\":\"batchfee-477b8\",\"storageBucket\":\"batchfee-477b8.firebasestorage.app\"}","GCLOUD_PROJECT":"batchfee-477b8","EVENTARC_CLOUD_EVENT_SOURCE":"projects/batchfee-477b8/locations/asia-south1/services/updateStaffAccount","FUNCTION_REGION":"asia-south1","FUNCTION_TARGET":"updateStaffAccount","LOG_EXECUTION_ID":"true","FUNCTION_SIGNATURE_TYPE":"http"},"ingressSettings":"ALLOW_ALL","serviceAccountEmail":"632446580863-compute@developer.gserviceaccount.com","availableMemory":"512Mi","maxInstanceRequestConcurrency":80,"availableCpu":"1"},"labels":{"deployment-tool":"cli-firebase","deployment-callable":"true","firebase-functions-hash":"ce3b96c84f25af9c82fa660f212857f9880eab9b"},"environment":"GEN_2"},"stages":[{"name":"BUILD","message":"Reusing build","state":"COMPLETE","resource":"projects/632446580863/locations/asia-south1/builds/d86131e1-5dad-4caf-be3d-2015da0dcbd9"},{"name":"SERVICE","message":"Creating Cloud Run service","state":"IN_PROGRESS","resource":"projects/batchfee-477b8/locations/asia-south1/services/updatestaffaccount","resourceUri":"https://console.cloud.google.com/run/detail/asia-south1/updatestaffaccount?project=batchfee-477b8"}],"sourceToken":"Cldwcm9qZWN0cy82MzI0NDY1ODA4NjMvbG9jYXRpb25zL2FzaWEtc291dGgxL2J1aWxkcy9kODYxMzFlMS01ZGFkLTRjYWYtYmUzZC0yMDE1ZGEwZGNiZDkSeGFzaWEtc291dGgxLWRvY2tlci5wa2cuZGV2L2JhdGNoZmVlLTQ3N2I4L2djZi1hcnRpZmFjdHMvYmF0Y2hmZWUtLTQ3N2I4X19hc2lhLS1zb3V0aDFfX3Byb3Zpc2lvbl9zdGFmZl9hY2NvdW50OnZlcnNpb25fMRj/8IOGtBIiTXByb2plY3RzL2JhdGNoZmVlLTQ3N2I4L2xvY2F0aW9ucy9hc2lhLXNvdXRoMS9mdW5jdGlvbnMvcHJvdmlzaW9uU3RhZmZBY2NvdW50KgwI69Tr1AYQuMbSlAEyCG5vZGVqczIyOnYKI2djci5pby9nYWUtcnVudGltZXMvbm9kZWpzMjI6c3RhYmxlEk9hc2lhLXNvdXRoMS1kb2NrZXIucGtnLmRldi9zZXJ2ZXJsZXNzLXJ1bnRpbWVzL2dvb2dsZS0yMi1mdWxsL3J1bnRpbWVzL25vZGVqczIyQAE=","operationType":"CREATE_FUNCTION","buildName":"projects/632446580863/locations/asia-south1/builds/d86131e1-5dad-4caf-be3d-2015da0dcbd9"},"done":false}
[debug] [2026-09-04T15:57:43.190Z] Got source token Cldwcm9qZWN0cy82MzI0NDY1ODA4NjMvbG9jYXRpb25zL2FzaWEtc291dGgxL2J1aWxkcy9kODYxMzFlMS01ZGFkLTRjYWYtYmUzZC0yMDE1ZGEwZGNiZDkSeGFzaWEtc291dGgxLWRvY2tlci5wa2cuZGV2L2JhdGNoZmVlLTQ3N2I4L2djZi1hcnRpZmFjdHMvYmF0Y2hmZWUtLTQ3N2I4X19hc2lhLS1zb3V0aDFfX3Byb3Zpc2lvbl9zdGFmZl9hY2NvdW50OnZlcnNpb25fMRj/8IOGtBIiTXByb2plY3RzL2JhdGNoZmVlLTQ3N2I4L2xvY2F0aW9ucy9hc2lhLXNvdXRoMS9mdW5jdGlvbnMvcHJvdmlzaW9uU3RhZmZBY2NvdW50KgwI69Tr1AYQuMbSlAEyCG5vZGVqczIyOnYKI2djci5pby9nYWUtcnVudGltZXMvbm9kZWpzMjI6c3RhYmxlEk9hc2lhLXNvdXRoMS1kb2NrZXIucGtnLmRldi9zZXJ2ZXJsZXNzLXJ1bnRpbWVzL2dvb2dsZS0yMi1mdWxsL3J1bnRpbWVzL25vZGVqczIyQAE= for region asia-south1
[debug] [2026-09-04T15:57:46.068Z] [create-default-asia-south1-provisionStaffAccount] Retrying task index 0
[debug] [2026-09-04T15:57:46.068Z] Checked if tokens are valid: true, expires at: 1788540932964
[debug] [2026-09-04T15:57:46.068Z] Checked if tokens are valid: true, expires at: 1788540932964
[debug] [2026-09-04T15:57:46.068Z] >>> [apiv2][query] GET https://cloudfunctions.googleapis.com/v2/projects/batchfee-477b8/locations/asia-south1/operations/operation-1788537405015-65aaa50b18476-f70936ff-704f8814 [none]
[debug] [2026-09-04T15:57:46.550Z] [create-default-asia-south1-loginStaff] Retrying task index 0
[debug] [2026-09-04T15:57:46.551Z] Checked if tokens are valid: true, expires at: 1788540932964
[debug] [2026-09-04T15:57:46.551Z] Checked if tokens are valid: true, expires at: 1788540932964
[debug] [2026-09-04T15:57:46.551Z] >>> [apiv2][query] GET https://cloudfunctions.googleapis.com/v2/projects/batchfee-477b8/locations/asia-south1/operations/operation-1788537405286-65aaa50b5a9a7-49b3052d-131e4d72 [none]
[debug] [2026-09-04T15:57:46.554Z] <<< [apiv2][status] GET https://cloudfunctions.googleapis.com/v2/projects/batchfee-477b8/locations/asia-south1/operations/operation-1788537405015-65aaa50b18476-f70936ff-704f8814 200
[debug] [2026-09-04T15:57:46.554Z] <<< [apiv2][body] GET https://cloudfunctions.googleapis.com/v2/projects/batchfee-477b8/locations/asia-south1/operations/operation-1788537405015-65aaa50b18476-f70936ff-704f8814 {"name":"projects/batchfee-477b8/locations/asia-south1/operations/operation-1788537405015-65aaa50b18476-f70936ff-704f8814","metadata":{"@type":"type.googleapis.com/google.cloud.functions.v2.OperationMetadata","createTime":"2026-09-04T15:56:46.014300007Z","endTime":"2026-09-04T15:57:39.885843117Z","target":"projects/batchfee-477b8/locations/asia-south1/functions/provisionStaffAccount","verb":"create","cancelRequested":false,"apiVersion":"v2","requestResource":{"@type":"type.googleapis.com/google.cloud.functions.v2.Function","name":"projects/batchfee-477b8/locations/asia-south1/functions/provisionStaffAccount","buildConfig":{"runtime":"nodejs22","entryPoint":"provisionStaffAccount","source":{"storageSource":{"bucket":"gcf-v2-sources-632446580863-asia-south1","object":"provisionStaffAccount/function-source.zip","generation":"1788537405273071"}},"environmentVariables":{"GOOGLE_NODE_RUN_SCRIPTS":""},"serviceAccount":"projects/batchfee-477b8/serviceAccounts/632446580863-compute@developer.gserviceaccount.com","automaticUpdatePolicy":{}},"serviceConfig":{"service":"projects/batchfee-477b8/locations/asia-south1/services/provisionstaffaccount","timeoutSeconds":60,"environmentVariables":{"FIREBASE_CONFIG":"{\"projectId\":\"batchfee-477b8\",\"storageBucket\":\"batchfee-477b8.firebasestorage.app\"}","GCLOUD_PROJECT":"batchfee-477b8","EVENTARC_CLOUD_EVENT_SOURCE":"projects/batchfee-477b8/locations/asia-south1/services/provisionStaffAccount","FUNCTION_REGION":"asia-south1","FUNCTION_TARGET":"provisionStaffAccount","LOG_EXECUTION_ID":"true"},"ingressSettings":"ALLOW_ALL","serviceAccountEmail":"632446580863-compute@developer.gserviceaccount.com","availableMemory":"512Mi","maxInstanceRequestConcurrency":80,"availableCpu":"1"},"labels":{"deployment-tool":"cli-firebase","deployment-callable":"true","firebase-functions-hash":"ce3b96c84f25af9c82fa660f212857f9880eab9b"},"environment":"GEN_2"},"stages":[{"name":"BUILD","message":"Build finished","state":"COMPLETE","resource":"projects/632446580863/locations/asia-south1/builds/d86131e1-5dad-4caf-be3d-2015da0dcbd9","resourceUri":"https://console.cloud.google.com/cloud-build/builds;region=asia-south1/d86131e1-5dad-4caf-be3d-2015da0dcbd9?project=632446580863"},{"name":"SERVICE","message":"Creating Cloud Run service","state":"COMPLETE","resource":"projects/batchfee-477b8/locations/asia-south1/services/provisionstaffaccount","resourceUri":"https://console.cloud.google.com/run/detail/asia-south1/provisionstaffaccount?project=batchfee-477b8"}],"sourceToken":"Cldwcm9qZWN0cy82MzI0NDY1ODA4NjMvbG9jYXRpb25zL2FzaWEtc291dGgxL2J1aWxkcy9kODYxMzFlMS01ZGFkLTRjYWYtYmUzZC0yMDE1ZGEwZGNiZDkSeGFzaWEtc291dGgxLWRvY2tlci5wa2cuZGV2L2JhdGNoZmVlLTQ3N2I4L2djZi1hcnRpZmFjdHMvYmF0Y2hmZWUtLTQ3N2I4X19hc2lhLS1zb3V0aDFfX3Byb3Zpc2lvbl9zdGFmZl9hY2NvdW50OnZlcnNpb25fMRj/8IOGtBIiTXByb2plY3RzL2JhdGNoZmVlLTQ3N2I4L2xvY2F0aW9ucy9hc2lhLXNvdXRoMS9mdW5jdGlvbnMvcHJvdmlzaW9uU3RhZmZBY2NvdW50KgwI69Tr1AYQuMbSlAEyCG5vZGVqczIyOnYKI2djci5pby9nYWUtcnVudGltZXMvbm9kZWpzMjI6c3RhYmxlEk9hc2lhLXNvdXRoMS1kb2NrZXIucGtnLmRldi9zZXJ2ZXJsZXNzLXJ1bnRpbWVzL2dvb2dsZS0yMi1mdWxsL3J1bnRpbWVzL25vZGVqczIyQAE=","operationType":"CREATE_FUNCTION","buildName":"projects/632446580863/locations/asia-south1/builds/d86131e1-5dad-4caf-be3d-2015da0dcbd9"},"done":true,"response":{"@type":"type.googleapis.com/google.cloud.functions.v2.Function","name":"projects/batchfee-477b8/locations/asia-south1/functions/provisionStaffAccount","buildConfig":{"build":"projects/632446580863/locations/asia-south1/builds/d86131e1-5dad-4caf-be3d-2015da0dcbd9","runtime":"nodejs22","entryPoint":"provisionStaffAccount","source":{"storageSource":{"bucket":"gcf-v2-sources-632446580863-asia-south1","object":"provisionStaffAccount/function-source.zip","generation":"1788537405273071"}},"environmentVariables":{"GOOGLE_NODE_RUN_SCRIPTS":""},"dockerRepository":"projects/batchfee-477b8/locations/asia-south1/repositories/gcf-artifacts","sourceProvenance":{"resolvedStorageSource":{"bucket":"gcf-v2-sources-632446580863-asia-south1","object":"provisionStaffAccount/function-source.zip","generation":"1788537405273071"}},"dockerRegistry":"ARTIFACT_REGISTRY","serviceAccount":"projects/batchfee-477b8/serviceAccounts/632446580863-compute@developer.gserviceaccount.com","automaticUpdatePolicy":{}},"serviceConfig":{"service":"projects/batchfee-477b8/locations/asia-south1/services/provisionstaffaccount","timeoutSeconds":60,"environmentVariables":{"FIREBASE_CONFIG":"{\"projectId\":\"batchfee-477b8\",\"storageBucket\":\"batchfee-477b8.firebasestorage.app\"}","GCLOUD_PROJECT":"batchfee-477b8","EVENTARC_CLOUD_EVENT_SOURCE":"projects/batchfee-477b8/locations/asia-south1/services/provisionStaffAccount","FUNCTION_REGION":"asia-south1","FUNCTION_TARGET":"provisionStaffAccount","LOG_EXECUTION_ID":"true"},"ingressSettings":"ALLOW_ALL","uri":"https://provisionstaffaccount-i3itvyqddq-el.a.run.app","serviceAccountEmail":"632446580863-compute@developer.gserviceaccount.com","availableMemory":"512Mi","allTrafficOnLatestRevision":true,"revision":"provisionstaffaccount-00001-fir","maxInstanceRequestConcurrency":80,"availableCpu":"1"},"state":"ACTIVE","updateTime":"2026-09-04T15:56:46.011266887Z","labels":{"deployment-tool":"cli-firebase","deployment-callable":"true","firebase-functions-hash":"ce3b96c84f25af9c82fa660f212857f9880eab9b"},"environment":"GEN_2","url":"https://asia-south1-batchfee-477b8.cloudfunctions.net/provisionStaffAccount","satisfiesPzs":true,"createTime":"2026-09-04T15:56:46.011266887Z","satisfiesPzi":true}}
[debug] [2026-09-04T15:57:46.554Z] Got source token Cldwcm9qZWN0cy82MzI0NDY1ODA4NjMvbG9jYXRpb25zL2FzaWEtc291dGgxL2J1aWxkcy9kODYxMzFlMS01ZGFkLTRjYWYtYmUzZC0yMDE1ZGEwZGNiZDkSeGFzaWEtc291dGgxLWRvY2tlci5wa2cuZGV2L2JhdGNoZmVlLTQ3N2I4L2djZi1hcnRpZmFjdHMvYmF0Y2hmZWUtLTQ3N2I4X19hc2lhLS1zb3V0aDFfX3Byb3Zpc2lvbl9zdGFmZl9hY2NvdW50OnZlcnNpb25fMRj/8IOGtBIiTXByb2plY3RzL2JhdGNoZmVlLTQ3N2I4L2xvY2F0aW9ucy9hc2lhLXNvdXRoMS9mdW5jdGlvbnMvcHJvdmlzaW9uU3RhZmZBY2NvdW50KgwI69Tr1AYQuMbSlAEyCG5vZGVqczIyOnYKI2djci5pby9nYWUtcnVudGltZXMvbm9kZWpzMjI6c3RhYmxlEk9hc2lhLXNvdXRoMS1kb2NrZXIucGtnLmRldi9zZXJ2ZXJsZXNzLXJ1bnRpbWVzL2dvb2dsZS0yMi1mdWxsL3J1bnRpbWVzL25vZGVqczIyQAE= for region asia-south1
[debug] [2026-09-04T15:57:46.555Z] Checked if tokens are valid: true, expires at: 1788540932964
[debug] [2026-09-04T15:57:46.555Z] Checked if tokens are valid: true, expires at: 1788540932964
[debug] [2026-09-04T15:57:46.555Z] >>> [apiv2][query] POST https://run.googleapis.com/v1/projects/batchfee-477b8/locations/asia-south1/services/provisionstaffaccount:setIamPolicy [none]
[debug] [2026-09-04T15:57:46.555Z] >>> [apiv2][body] POST https://run.googleapis.com/v1/projects/batchfee-477b8/locations/asia-south1/services/provisionstaffaccount:setIamPolicy {"policy":{"bindings":[{"role":"roles/run.invoker","members":["allUsers"]}],"etag":"","version":3},"updateMask":"bindings,etag,version"}
[debug] [2026-09-04T15:57:47.078Z] <<< [apiv2][status] GET https://cloudfunctions.googleapis.com/v2/projects/batchfee-477b8/locations/asia-south1/operations/operation-1788537405286-65aaa50b5a9a7-49b3052d-131e4d72 200
[debug] [2026-09-04T15:57:47.078Z] <<< [apiv2][body] GET https://cloudfunctions.googleapis.com/v2/projects/batchfee-477b8/locations/asia-south1/operations/operation-1788537405286-65aaa50b5a9a7-49b3052d-131e4d72 {"name":"projects/batchfee-477b8/locations/asia-south1/operations/operation-1788537405286-65aaa50b5a9a7-49b3052d-131e4d72","metadata":{"@type":"type.googleapis.com/google.cloud.functions.v2.OperationMetadata","createTime":"2026-09-04T15:56:46.313884099Z","endTime":"2026-09-04T15:57:38.978054776Z","target":"projects/batchfee-477b8/locations/asia-south1/functions/loginStaff","verb":"create","cancelRequested":false,"apiVersion":"v2","requestResource":{"@type":"type.googleapis.com/google.cloud.functions.v2.Function","name":"projects/batchfee-477b8/locations/asia-south1/functions/loginStaff","buildConfig":{"runtime":"nodejs22","entryPoint":"loginStaff","source":{"storageSource":{"bucket":"gcf-v2-sources-632446580863-asia-south1","object":"loginStaff/function-source.zip","generation":"1788537405527025"}},"environmentVariables":{"GOOGLE_NODE_RUN_SCRIPTS":""},"serviceAccount":"projects/batchfee-477b8/serviceAccounts/632446580863-compute@developer.gserviceaccount.com","automaticUpdatePolicy":{}},"serviceConfig":{"service":"projects/batchfee-477b8/locations/asia-south1/services/loginstaff","timeoutSeconds":30,"environmentVariables":{"FIREBASE_CONFIG":"{\"projectId\":\"batchfee-477b8\",\"storageBucket\":\"batchfee-477b8.firebasestorage.app\"}","GCLOUD_PROJECT":"batchfee-477b8","EVENTARC_CLOUD_EVENT_SOURCE":"projects/batchfee-477b8/locations/asia-south1/services/loginStaff","FUNCTION_REGION":"asia-south1","FUNCTION_TARGET":"loginStaff","LOG_EXECUTION_ID":"true"},"ingressSettings":"ALLOW_ALL","serviceAccountEmail":"632446580863-compute@developer.gserviceaccount.com","availableMemory":"256Mi","maxInstanceRequestConcurrency":80,"availableCpu":"1"},"labels":{"deployment-tool":"cli-firebase","deployment-callable":"true","firebase-functions-hash":"ce3b96c84f25af9c82fa660f212857f9880eab9b"},"environment":"GEN_2"},"stages":[{"name":"BUILD","message":"Build finished","state":"COMPLETE","resource":"projects/632446580863/locations/asia-south1/builds/c2526dd7-17cc-48dc-9713-f7be0cf79753","resourceUri":"https://console.cloud.google.com/cloud-build/builds;region=asia-south1/c2526dd7-17cc-48dc-9713-f7be0cf79753?project=632446580863"},{"name":"SERVICE","message":"Creating Cloud Run service","state":"COMPLETE","resource":"projects/batchfee-477b8/locations/asia-south1/services/loginstaff","resourceUri":"https://console.cloud.google.com/run/detail/asia-south1/loginstaff?project=batchfee-477b8"}],"sourceToken":"Cldwcm9qZWN0cy82MzI0NDY1ODA4NjMvbG9jYXRpb25zL2FzaWEtc291dGgxL2J1aWxkcy9jMjUyNmRkNy0xN2NjLTQ4ZGMtOTcxMy1mN2JlMGNmNzk3NTMSbGFzaWEtc291dGgxLWRvY2tlci5wa2cuZGV2L2JhdGNoZmVlLTQ3N2I4L2djZi1hcnRpZmFjdHMvYmF0Y2hmZWUtLTQ3N2I4X19hc2lhLS1zb3V0aDFfX2xvZ2luX3N0YWZmOnZlcnNpb25fMRj/8IOGtBIiQnByb2plY3RzL2JhdGNoZmVlLTQ3N2I4L2xvY2F0aW9ucy9hc2lhLXNvdXRoMS9mdW5jdGlvbnMvbG9naW5TdGFmZioMCOfU69QGEODxs8gCMghub2RlanMyMjp2CiNnY3IuaW8vZ2FlLXJ1bnRpbWVzL25vZGVqczIyOnN0YWJsZRJPYXNpYS1zb3V0aDEtZG9ja2VyLnBrZy5kZXYvc2VydmVybGVzcy1ydW50aW1lcy9nb29nbGUtMjItZnVsbC9ydW50aW1lcy9ub2RlanMyMkAB","operationType":"CREATE_FUNCTION","buildName":"projects/632446580863/locations/asia-south1/builds/c2526dd7-17cc-48dc-9713-f7be0cf79753"},"done":true,"response":{"@type":"type.googleapis.com/google.cloud.functions.v2.Function","name":"projects/batchfee-477b8/locations/asia-south1/functions/loginStaff","buildConfig":{"build":"projects/632446580863/locations/asia-south1/builds/c2526dd7-17cc-48dc-9713-f7be0cf79753","runtime":"nodejs22","entryPoint":"loginStaff","source":{"storageSource":{"bucket":"gcf-v2-sources-632446580863-asia-south1","object":"loginStaff/function-source.zip","generation":"1788537405527025"}},"environmentVariables":{"GOOGLE_NODE_RUN_SCRIPTS":""},"dockerRepository":"projects/batchfee-477b8/locations/asia-south1/repositories/gcf-artifacts","sourceProvenance":{"resolvedStorageSource":{"bucket":"gcf-v2-sources-632446580863-asia-south1","object":"loginStaff/function-source.zip","generation":"1788537405527025"}},"dockerRegistry":"ARTIFACT_REGISTRY","serviceAccount":"projects/batchfee-477b8/serviceAccounts/632446580863-compute@developer.gserviceaccount.com","automaticUpdatePolicy":{}},"serviceConfig":{"service":"projects/batchfee-477b8/locations/asia-south1/services/loginstaff","timeoutSeconds":30,"environmentVariables":{"FIREBASE_CONFIG":"{\"projectId\":\"batchfee-477b8\",\"storageBucket\":\"batchfee-477b8.firebasestorage.app\"}","GCLOUD_PROJECT":"batchfee-477b8","EVENTARC_CLOUD_EVENT_SOURCE":"projects/batchfee-477b8/locations/asia-south1/services/loginStaff","FUNCTION_REGION":"asia-south1","FUNCTION_TARGET":"loginStaff","LOG_EXECUTION_ID":"true"},"ingressSettings":"ALLOW_ALL","uri":"https://loginstaff-i3itvyqddq-el.a.run.app","serviceAccountEmail":"632446580863-compute@developer.gserviceaccount.com","availableMemory":"256Mi","allTrafficOnLatestRevision":true,"revision":"loginstaff-00001-cor","maxInstanceRequestConcurrency":80,"availableCpu":"1"},"state":"ACTIVE","updateTime":"2026-09-04T15:56:46.310128040Z","labels":{"firebase-functions-hash":"ce3b96c84f25af9c82fa660f212857f9880eab9b","deployment-tool":"cli-firebase","deployment-callable":"true"},"environment":"GEN_2","url":"https://asia-south1-batchfee-477b8.cloudfunctions.net/loginStaff","satisfiesPzs":true,"createTime":"2026-09-04T15:56:46.310128040Z","satisfiesPzi":true}}
[debug] [2026-09-04T15:57:47.078Z] Got source token Cldwcm9qZWN0cy82MzI0NDY1ODA4NjMvbG9jYXRpb25zL2FzaWEtc291dGgxL2J1aWxkcy9jMjUyNmRkNy0xN2NjLTQ4ZGMtOTcxMy1mN2JlMGNmNzk3NTMSbGFzaWEtc291dGgxLWRvY2tlci5wa2cuZGV2L2JhdGNoZmVlLTQ3N2I4L2djZi1hcnRpZmFjdHMvYmF0Y2hmZWUtLTQ3N2I4X19hc2lhLS1zb3V0aDFfX2xvZ2luX3N0YWZmOnZlcnNpb25fMRj/8IOGtBIiQnByb2plY3RzL2JhdGNoZmVlLTQ3N2I4L2xvY2F0aW9ucy9hc2lhLXNvdXRoMS9mdW5jdGlvbnMvbG9naW5TdGFmZioMCOfU69QGEODxs8gCMghub2RlanMyMjp2CiNnY3IuaW8vZ2FlLXJ1bnRpbWVzL25vZGVqczIyOnN0YWJsZRJPYXNpYS1zb3V0aDEtZG9ja2VyLnBrZy5kZXYvc2VydmVybGVzcy1ydW50aW1lcy9nb29nbGUtMjItZnVsbC9ydW50aW1lcy9ub2RlanMyMkAB for region asia-south1
[debug] [2026-09-04T15:57:47.078Z] Checked if tokens are valid: true, expires at: 1788540932964
[debug] [2026-09-04T15:57:47.079Z] Checked if tokens are valid: true, expires at: 1788540932964
[debug] [2026-09-04T15:57:47.079Z] >>> [apiv2][query] POST https://run.googleapis.com/v1/projects/batchfee-477b8/locations/asia-south1/services/loginstaff:setIamPolicy [none]
[debug] [2026-09-04T15:57:47.079Z] >>> [apiv2][body] POST https://run.googleapis.com/v1/projects/batchfee-477b8/locations/asia-south1/services/loginstaff:setIamPolicy {"policy":{"bindings":[{"role":"roles/run.invoker","members":["allUsers"]}],"etag":"","version":3},"updateMask":"bindings,etag,version"}
[debug] [2026-09-04T15:57:47.204Z] [create-default-asia-south1-updateStaffAccount] Retrying task index 0
[debug] [2026-09-04T15:57:47.204Z] Checked if tokens are valid: true, expires at: 1788540932964
[debug] [2026-09-04T15:57:47.204Z] Checked if tokens are valid: true, expires at: 1788540932964
[debug] [2026-09-04T15:57:47.204Z] >>> [apiv2][query] GET https://cloudfunctions.googleapis.com/v2/projects/batchfee-477b8/locations/asia-south1/operations/operation-1788537456431-65aaa53c21128-6cff825c-9f3567ea [none]
[debug] [2026-09-04T15:57:47.434Z] <<< [apiv2][status] POST https://run.googleapis.com/v1/projects/batchfee-477b8/locations/asia-south1/services/provisionstaffaccount:setIamPolicy 200
[debug] [2026-09-04T15:57:47.434Z] <<< [apiv2][body] POST https://run.googleapis.com/v1/projects/batchfee-477b8/locations/asia-south1/services/provisionstaffaccount:setIamPolicy {"version":1,"etag":"BwZaqlRmnEc=","bindings":[{"role":"roles/run.invoker","members":["allUsers"]}]}
[info] +  functions[provisionStaffAccount(asia-south1)] Successful create operation. 
[debug] [2026-09-04T15:57:47.689Z] <<< [apiv2][status] GET https://cloudfunctions.googleapis.com/v2/projects/batchfee-477b8/locations/asia-south1/operations/operation-1788537456431-65aaa53c21128-6cff825c-9f3567ea 200
[debug] [2026-09-04T15:57:47.690Z] <<< [apiv2][body] GET https://cloudfunctions.googleapis.com/v2/projects/batchfee-477b8/locations/asia-south1/operations/operation-1788537456431-65aaa53c21128-6cff825c-9f3567ea {"name":"projects/batchfee-477b8/locations/asia-south1/operations/operation-1788537456431-65aaa53c21128-6cff825c-9f3567ea","metadata":{"@type":"type.googleapis.com/google.cloud.functions.v2.OperationMetadata","createTime":"2026-09-04T15:57:37.456442010Z","endTime":"2026-09-04T15:57:46.443077973Z","target":"projects/batchfee-477b8/locations/asia-south1/functions/updateStaffAccount","verb":"create","cancelRequested":false,"apiVersion":"v2","requestResource":{"@type":"type.googleapis.com/google.cloud.functions.v2.Function","name":"projects/batchfee-477b8/locations/asia-south1/functions/updateStaffAccount","buildConfig":{"runtime":"nodejs22","entryPoint":"updateStaffAccount","source":{"storageSource":{"bucket":"gcf-v2-sources-632446580863-asia-south1","object":"updateStaffAccount/function-source.zip","generation":"1788537456622521"}},"environmentVariables":{"GOOGLE_NODE_RUN_SCRIPTS":""},"sourceToken":"Cldwcm9qZWN0cy82MzI0NDY1ODA4NjMvbG9jYXRpb25zL2FzaWEtc291dGgxL2J1aWxkcy9kODYxMzFlMS01ZGFkLTRjYWYtYmUzZC0yMDE1ZGEwZGNiZDkSeGFzaWEtc291dGgxLWRvY2tlci5wa2cuZGV2L2JhdGNoZmVlLTQ3N2I4L2djZi1hcnRpZmFjdHMvYmF0Y2hmZWUtLTQ3N2I4X19hc2lhLS1zb3V0aDFfX3Byb3Zpc2lvbl9zdGFmZl9hY2NvdW50OnZlcnNpb25fMRj/8IOGtBIiTXByb2plY3RzL2JhdGNoZmVlLTQ3N2I4L2xvY2F0aW9ucy9hc2lhLXNvdXRoMS9mdW5jdGlvbnMvcHJvdmlzaW9uU3RhZmZBY2NvdW50KgwI69Tr1AYQuMbSlAEyCG5vZGVqczIyOnYKI2djci5pby9nYWUtcnVudGltZXMvbm9kZWpzMjI6c3RhYmxlEk9hc2lhLXNvdXRoMS1kb2NrZXIucGtnLmRldi9zZXJ2ZXJsZXNzLXJ1bnRpbWVzL2dvb2dsZS0yMi1mdWxsL3J1bnRpbWVzL25vZGVqczIyQAE=","serviceAccount":"projects/batchfee-477b8/serviceAccounts/632446580863-compute@developer.gserviceaccount.com","automaticUpdatePolicy":{}},"serviceConfig":{"service":"projects/batchfee-477b8/locations/asia-south1/services/updatestaffaccount","timeoutSeconds":60,"environmentVariables":{"FIREBASE_CONFIG":"{\"projectId\":\"batchfee-477b8\",\"storageBucket\":\"batchfee-477b8.firebasestorage.app\"}","GCLOUD_PROJECT":"batchfee-477b8","EVENTARC_CLOUD_EVENT_SOURCE":"projects/batchfee-477b8/locations/asia-south1/services/updateStaffAccount","FUNCTION_REGION":"asia-south1","FUNCTION_TARGET":"updateStaffAccount","LOG_EXECUTION_ID":"true","FUNCTION_SIGNATURE_TYPE":"http"},"ingressSettings":"ALLOW_ALL","serviceAccountEmail":"632446580863-compute@developer.gserviceaccount.com","availableMemory":"512Mi","maxInstanceRequestConcurrency":80,"availableCpu":"1"},"labels":{"deployment-tool":"cli-firebase","deployment-callable":"true","firebase-functions-hash":"ce3b96c84f25af9c82fa660f212857f9880eab9b"},"environment":"GEN_2"},"stages":[{"name":"BUILD","message":"Reusing build","state":"COMPLETE","resource":"projects/632446580863/locations/asia-south1/builds/d86131e1-5dad-4caf-be3d-2015da0dcbd9"},{"name":"SERVICE","message":"Creating Cloud Run service","state":"COMPLETE","resource":"projects/batchfee-477b8/locations/asia-south1/services/updatestaffaccount","resourceUri":"https://console.cloud.google.com/run/detail/asia-south1/updatestaffaccount?project=batchfee-477b8"}],"sourceToken":"Cldwcm9qZWN0cy82MzI0NDY1ODA4NjMvbG9jYXRpb25zL2FzaWEtc291dGgxL2J1aWxkcy9kODYxMzFlMS01ZGFkLTRjYWYtYmUzZC0yMDE1ZGEwZGNiZDkSeGFzaWEtc291dGgxLWRvY2tlci5wa2cuZGV2L2JhdGNoZmVlLTQ3N2I4L2djZi1hcnRpZmFjdHMvYmF0Y2hmZWUtLTQ3N2I4X19hc2lhLS1zb3V0aDFfX3Byb3Zpc2lvbl9zdGFmZl9hY2NvdW50OnZlcnNpb25fMRj/8IOGtBIiTXByb2plY3RzL2JhdGNoZmVlLTQ3N2I4L2xvY2F0aW9ucy9hc2lhLXNvdXRoMS9mdW5jdGlvbnMvcHJvdmlzaW9uU3RhZmZBY2NvdW50KgwI69Tr1AYQuMbSlAEyCG5vZGVqczIyOnYKI2djci5pby9nYWUtcnVudGltZXMvbm9kZWpzMjI6c3RhYmxlEk9hc2lhLXNvdXRoMS1kb2NrZXIucGtnLmRldi9zZXJ2ZXJsZXNzLXJ1bnRpbWVzL2dvb2dsZS0yMi1mdWxsL3J1bnRpbWVzL25vZGVqczIyQAE=","operationType":"CREATE_FUNCTION","buildName":"projects/632446580863/locations/asia-south1/builds/d86131e1-5dad-4caf-be3d-2015da0dcbd9"},"done":true,"response":{"@type":"type.googleapis.com/google.cloud.functions.v2.Function","name":"projects/batchfee-477b8/locations/asia-south1/functions/updateStaffAccount","buildConfig":{"build":"projects/632446580863/locations/asia-south1/builds/d86131e1-5dad-4caf-be3d-2015da0dcbd9","runtime":"nodejs22","entryPoint":"updateStaffAccount","source":{"storageSource":{"bucket":"gcf-v2-sources-632446580863-asia-south1","object":"updateStaffAccount/function-source.zip","generation":"1788537456622521"}},"environmentVariables":{"GOOGLE_NODE_RUN_SCRIPTS":""},"dockerRepository":"projects/batchfee-477b8/locations/asia-south1/repositories/gcf-artifacts","sourceProvenance":{"resolvedStorageSource":{"bucket":"gcf-v2-sources-632446580863-asia-south1","object":"updateStaffAccount/function-source.zip","generation":"1788537456622521"}},"dockerRegistry":"ARTIFACT_REGISTRY","serviceAccount":"projects/batchfee-477b8/serviceAccounts/632446580863-compute@developer.gserviceaccount.com","automaticUpdatePolicy":{}},"serviceConfig":{"service":"projects/batchfee-477b8/locations/asia-south1/services/updatestaffaccount","timeoutSeconds":60,"environmentVariables":{"FIREBASE_CONFIG":"{\"projectId\":\"batchfee-477b8\",\"storageBucket\":\"batchfee-477b8.firebasestorage.app\"}","GCLOUD_PROJECT":"batchfee-477b8","EVENTARC_CLOUD_EVENT_SOURCE":"projects/batchfee-477b8/locations/asia-south1/services/updateStaffAccount","FUNCTION_REGION":"asia-south1","FUNCTION_TARGET":"updateStaffAccount","LOG_EXECUTION_ID":"true","FUNCTION_SIGNATURE_TYPE":"http"},"ingressSettings":"ALLOW_ALL","uri":"https://updatestaffaccount-i3itvyqddq-el.a.run.app","serviceAccountEmail":"632446580863-compute@developer.gserviceaccount.com","availableMemory":"512Mi","allTrafficOnLatestRevision":true,"revision":"updatestaffaccount-00001-heb","maxInstanceRequestConcurrency":80,"availableCpu":"1"},"state":"ACTIVE","updateTime":"2026-09-04T15:57:37.453699500Z","labels":{"deployment-tool":"cli-firebase","deployment-callable":"true","firebase-functions-hash":"ce3b96c84f25af9c82fa660f212857f9880eab9b"},"environment":"GEN_2","url":"https://asia-south1-batchfee-477b8.cloudfunctions.net/updateStaffAccount","satisfiesPzs":true,"createTime":"2026-09-04T15:57:37.453699500Z","satisfiesPzi":true}}
[debug] [2026-09-04T15:57:47.690Z] Got source token Cldwcm9qZWN0cy82MzI0NDY1ODA4NjMvbG9jYXRpb25zL2FzaWEtc291dGgxL2J1aWxkcy9kODYxMzFlMS01ZGFkLTRjYWYtYmUzZC0yMDE1ZGEwZGNiZDkSeGFzaWEtc291dGgxLWRvY2tlci5wa2cuZGV2L2JhdGNoZmVlLTQ3N2I4L2djZi1hcnRpZmFjdHMvYmF0Y2hmZWUtLTQ3N2I4X19hc2lhLS1zb3V0aDFfX3Byb3Zpc2lvbl9zdGFmZl9hY2NvdW50OnZlcnNpb25fMRj/8IOGtBIiTXByb2plY3RzL2JhdGNoZmVlLTQ3N2I4L2xvY2F0aW9ucy9hc2lhLXNvdXRoMS9mdW5jdGlvbnMvcHJvdmlzaW9uU3RhZmZBY2NvdW50KgwI69Tr1AYQuMbSlAEyCG5vZGVqczIyOnYKI2djci5pby9nYWUtcnVudGltZXMvbm9kZWpzMjI6c3RhYmxlEk9hc2lhLXNvdXRoMS1kb2NrZXIucGtnLmRldi9zZXJ2ZXJsZXNzLXJ1bnRpbWVzL2dvb2dsZS0yMi1mdWxsL3J1bnRpbWVzL25vZGVqczIyQAE= for region asia-south1
[debug] [2026-09-04T15:57:47.690Z] Checked if tokens are valid: true, expires at: 1788540932964
[debug] [2026-09-04T15:57:47.690Z] Checked if tokens are valid: true, expires at: 1788540932964
[debug] [2026-09-04T15:57:47.690Z] >>> [apiv2][query] POST https://run.googleapis.com/v1/projects/batchfee-477b8/locations/asia-south1/services/updatestaffaccount:setIamPolicy [none]
[debug] [2026-09-04T15:57:47.690Z] >>> [apiv2][body] POST https://run.googleapis.com/v1/projects/batchfee-477b8/locations/asia-south1/services/updatestaffaccount:setIamPolicy {"policy":{"bindings":[{"role":"roles/run.invoker","members":["allUsers"]}],"etag":"","version":3},"updateMask":"bindings,etag,version"}
[debug] [2026-09-04T15:57:47.898Z] <<< [apiv2][status] POST https://run.googleapis.com/v1/projects/batchfee-477b8/locations/asia-south1/services/loginstaff:setIamPolicy 200
[debug] [2026-09-04T15:57:47.898Z] <<< [apiv2][body] POST https://run.googleapis.com/v1/projects/batchfee-477b8/locations/asia-south1/services/loginstaff:setIamPolicy {"version":1,"etag":"BwZaqlRtxbM=","bindings":[{"role":"roles/run.invoker","members":["allUsers"]}]}
[info] +  functions[loginStaff(asia-south1)] Successful create operation. 
[debug] [2026-09-04T15:57:48.427Z] <<< [apiv2][status] POST https://run.googleapis.com/v1/projects/batchfee-477b8/locations/asia-south1/services/updatestaffaccount:setIamPolicy 200
[debug] [2026-09-04T15:57:48.427Z] <<< [apiv2][body] POST https://run.googleapis.com/v1/projects/batchfee-477b8/locations/asia-south1/services/updatestaffaccount:setIamPolicy {"version":1,"etag":"BwZaqlR14Ms=","bindings":[{"role":"roles/run.invoker","members":["allUsers"]}]}
[info] +  functions[updateStaffAccount(asia-south1)] Successful create operation. 
[debug] [2026-09-04T15:57:48.431Z] Total Function Deployment time: 63843
[debug] [2026-09-04T15:57:48.431Z] 3 Functions Deployed
[debug] [2026-09-04T15:57:48.431Z] 0 Functions Errored
[debug] [2026-09-04T15:57:48.431Z] 0 Function Deployments Aborted
[debug] [2026-09-04T15:57:48.431Z] Average Function Deployment time: 63334.666666666664
[debug] [2026-09-04T15:57:48.431Z] Not printing URL for HTTPS function. Typically this means it didn't match a filter or we failed deployment
[debug] [2026-09-04T15:57:48.432Z] Checked if tokens are valid: true, expires at: 1788540932964
[debug] [2026-09-04T15:57:48.432Z] Checked if tokens are valid: true, expires at: 1788540932964
[debug] [2026-09-04T15:57:48.432Z] >>> [apiv2][query] GET https://artifactregistry.googleapis.com/v1/projects/batchfee-477b8/locations/asia-south1/repositories/gcf-artifacts [none]
[debug] [2026-09-04T15:57:49.109Z] <<< [apiv2][status] GET https://artifactregistry.googleapis.com/v1/projects/batchfee-477b8/locations/asia-south1/repositories/gcf-artifacts 200
[debug] [2026-09-04T15:58:27.388Z] ----------------------------------------------------------------------
[debug] [2026-09-04T15:58:27.391Z] Command:       C:\Program Files\nodejs\node.exe d:\batchfee\node_modules\firebase-tools\lib\bin\firebase.js functions:list --project batchfee-477b8
[debug] [2026-09-04T15:58:27.391Z] CLI Version:   15.26.0
[debug] [2026-09-04T15:58:27.391Z] Platform:      win32
[debug] [2026-09-04T15:58:27.391Z] Node Version:  v22.14.0
[debug] [2026-09-04T15:58:27.392Z] Detected Agent: unknown
[debug] [2026-09-04T15:58:27.392Z] Time:          Fri Sep 04 2026 21:58:27 GMT+0600 (Bangladesh Standard Time)
[debug] [2026-09-04T15:58:27.392Z] ----------------------------------------------------------------------
[debug] 
[debug] [2026-09-04T15:58:27.661Z] > command requires scopes: ["email","openid","https://www.googleapis.com/auth/cloudplatformprojects.readonly","https://www.googleapis.com/auth/firebase","https://www.googleapis.com/auth/cloud-platform"]
[debug] [2026-09-04T15:58:27.661Z] > authorizing via signed-in user (batchfee.admin@gmail.com)
[debug] [2026-09-04T15:58:27.662Z] [iam] checking project batchfee-477b8 for permissions ["cloudfunctions.functions.list","firebase.projects.get","run.services.list"]
[debug] [2026-09-04T15:58:27.673Z] Checked if tokens are valid: true, expires at: 1788540932964
[debug] [2026-09-04T15:58:27.673Z] Checked if tokens are valid: true, expires at: 1788540932964
[debug] [2026-09-04T15:58:27.674Z] >>> [apiv2][query] POST https://cloudresourcemanager.googleapis.com/v1/projects/batchfee-477b8:testIamPermissions [none]
[debug] [2026-09-04T15:58:27.674Z] >>> [apiv2][(partial)header] POST https://cloudresourcemanager.googleapis.com/v1/projects/batchfee-477b8:testIamPermissions  x-goog-user-project=batchfee-477b8
[debug] [2026-09-04T15:58:27.674Z] >>> [apiv2][body] POST https://cloudresourcemanager.googleapis.com/v1/projects/batchfee-477b8:testIamPermissions {"permissions":["cloudfunctions.functions.list","firebase.projects.get","run.services.list"]}
[debug] [2026-09-04T15:58:29.054Z] <<< [apiv2][status] POST https://cloudresourcemanager.googleapis.com/v1/projects/batchfee-477b8:testIamPermissions 200
[debug] [2026-09-04T15:58:29.055Z] <<< [apiv2][body] POST https://cloudresourcemanager.googleapis.com/v1/projects/batchfee-477b8:testIamPermissions {"permissions":["cloudfunctions.functions.list","firebase.projects.get","run.services.list"]}
[debug] [2026-09-04T15:58:29.055Z] Checked if tokens are valid: true, expires at: 1788540932964
[debug] [2026-09-04T15:58:29.056Z] Checked if tokens are valid: true, expires at: 1788540932964
[debug] [2026-09-04T15:58:29.056Z] >>> [apiv2][query] GET https://cloudfunctions.googleapis.com/v1/projects/batchfee-477b8/locations/-/functions [none]
[debug] [2026-09-04T15:58:30.011Z] <<< [apiv2][status] GET https://cloudfunctions.googleapis.com/v1/projects/batchfee-477b8/locations/-/functions 200
[debug] [2026-09-04T15:58:30.012Z] <<< [apiv2][body] GET https://cloudfunctions.googleapis.com/v1/projects/batchfee-477b8/locations/-/functions {}
[debug] [2026-09-04T15:58:30.012Z] Checked if tokens are valid: true, expires at: 1788540932964
[debug] [2026-09-04T15:58:30.012Z] Checked if tokens are valid: true, expires at: 1788540932964
[debug] [2026-09-04T15:58:30.012Z] >>> [apiv2][query] GET https://cloudfunctions.googleapis.com/v2/projects/batchfee-477b8/locations/-/functions filter=environment%3D%22GEN_2%22
[debug] [2026-09-04T15:58:31.782Z] <<< [apiv2][status] GET https://cloudfunctions.googleapis.com/v2/projects/batchfee-477b8/locations/-/functions 200
